PRAGMA foreign_keys=OFF;
BEGIN TRANSACTION;
CREATE TABLE tareas (
	id	INTEGER PRIMARY KEY,
	nombre	TEXT
);
CREATE TABLE trabajadores (
	id	INTEGER PRIMARY KEY,
	nombre	TEXT,
	capacidad	DOUBLE);
CREATE TABLE capacidades (
	id_tarea	INTEGER,
	id_trabajador	INTEGER,
	capacidad	DOUBLE,
	PRIMARY KEY	(id_tarea, id_trabajador),
	FOREIGN KEY	(id_tarea) REFERENCES tareas(id),
	FOREIGN KEY	(id_trabajador) REFERENCES trabajadores(id)
);
CREATE TABLE costos (
	id_tarea	INTEGER,
	id_trabajador	INTEGER,
	costo	DOUBLE,
	PRIMARY KEY	(id_tarea, id_trabajador),
	FOREIGN KEY	(id_tarea) REFERENCES tareas(id),
	FOREIGN KEY	(id_trabajador) REFERENCES trabajadores(id)
);
INSERT INTO tareas VALUES(1, 'ganar las cartas');
INSERT INTO tareas VALUES(2, 'sopesar el debate');
INSERT INTO tareas VALUES(3, 'oler el refugio');
INSERT INTO tareas VALUES(4, 'comprender la crema');
INSERT INTO tareas VALUES(5, 'salir el chocolate');
INSERT INTO tareas VALUES(6, 'entrenar el tornillo');
INSERT INTO tareas VALUES(7, 'pintar el moño');
INSERT INTO tareas VALUES(8, 'eneseñar la explosión');
INSERT INTO tareas VALUES(9, 'dormir el teatro');
INSERT INTO tareas VALUES(10, 'explotar la lluvia');
INSERT INTO tareas VALUES(11, 'rayar la herramienta');
INSERT INTO tareas VALUES(12, 'brincar la servilleta');
INSERT INTO tareas VALUES(13, 'elegir el teléfono');
INSERT INTO tareas VALUES(14, 'coger el sonido');
INSERT INTO tareas VALUES(15, 'contestar el palo');
INSERT INTO tareas VALUES(16, 'construir la humedad');
INSERT INTO tareas VALUES(17, 'subir el tornillo');
INSERT INTO tareas VALUES(18, 'gritar la escuela');
INSERT INTO tareas VALUES(19, 'reemplazar el abuelo');
INSERT INTO tareas VALUES(20, 'leer el mapa');
INSERT INTO tareas VALUES(21, 'impartir los caramelos');
INSERT INTO tareas VALUES(22, 'comer la humedad');
INSERT INTO tareas VALUES(23, 'entender la crema');
INSERT INTO tareas VALUES(24, 'oir la carne');
INSERT INTO tareas VALUES(25, 'comprender el teatro');
INSERT INTO tareas VALUES(26, 'sabotear el mapa');
INSERT INTO tareas VALUES(27, 'degustar el calor');
INSERT INTO tareas VALUES(28, 'beber el colegio');
INSERT INTO tareas VALUES(29, 'construir el anillo');
INSERT INTO tareas VALUES(30, 'destazar el mapa');
INSERT INTO tareas VALUES(31, 'oir el agua');
INSERT INTO tareas VALUES(32, 'salir el café');
INSERT INTO tareas VALUES(33, 'aprender el desodorante');
INSERT INTO tareas VALUES(34, 'ver la planta');
INSERT INTO tareas VALUES(35, 'inventar el refugio');
INSERT INTO tareas VALUES(36, 'entender la lima');
INSERT INTO tareas VALUES(37, 'roer el petróleo');
INSERT INTO tareas VALUES(38, 'beber la puerta');
INSERT INTO tareas VALUES(39, 'ganar el césped');
INSERT INTO tareas VALUES(40, 'recordar el teclado');
INSERT INTO tareas VALUES(41, 'entrenar el maletín');
INSERT INTO tareas VALUES(42, 'notar la explosión');
INSERT INTO tareas VALUES(43, 'imitar el perro');
INSERT INTO tareas VALUES(44, 'comprar el hipopótamo');
INSERT INTO tareas VALUES(45, 'entrar la oficina');
INSERT INTO tareas VALUES(46, 'entrever el teatro');
INSERT INTO tareas VALUES(47, 'completar la mano');
INSERT INTO tareas VALUES(48, 'entender el cinturón');
INSERT INTO tareas VALUES(49, 'entender la bomba');
INSERT INTO tareas VALUES(50, 'aprender el palo');
INSERT INTO trabajadores VALUES(1, 'María Del Carmen Castillo', 74.19887225433023);
INSERT INTO trabajadores VALUES(2, 'Juan Manuel Cano', 104.83359218756222);
INSERT INTO trabajadores VALUES(3, 'Ana María Jones', 99.21189363482452);
INSERT INTO trabajadores VALUES(4, 'María Guadalupe Rubio', 60.83226217638329);
INSERT INTO trabajadores VALUES(5, 'Marco Antonio Navarro', 102.5560015335732);
INSERT INTO trabajadores VALUES(6, 'Jorge Perez', 46.03319893520704);
INSERT INTO trabajadores VALUES(7, 'Adriana Torres', 60.76774954329224);
INSERT INTO trabajadores VALUES(8, 'Mario Blanco', 138.20345304936217);
INSERT INTO trabajadores VALUES(9, 'Enrique Perez', 84.97407599547026);
INSERT INTO trabajadores VALUES(10, 'Antonio Jimenez', 178.650559893487);
INSERT INTO trabajadores VALUES(11, 'Josefina Cano', 105.12004965107938);
INSERT INTO trabajadores VALUES(12, 'Ana María Garcia', 113.063600308494);
INSERT INTO trabajadores VALUES(13, 'Andrea Gonzalez', 91.65040204328432);
INSERT INTO trabajadores VALUES(14, 'Rosa Alonso', 176.3771336807339);
INSERT INTO trabajadores VALUES(15, 'Víctor Manuel Serrano', 130.58744042722356);
INSERT INTO trabajadores VALUES(16, 'María Fernanda Walker', 80.20115806934977);
INSERT INTO trabajadores VALUES(17, 'Gustavo Nelson', 81.07630514733424);
INSERT INTO trabajadores VALUES(18, 'José Antonio Martin', 42.89215132917702);
INSERT INTO trabajadores VALUES(19, 'Juan Manuel Rodriguez', 123.18610472432134);
INSERT INTO trabajadores VALUES(20, 'Enrique Rodriguez', 154.18176054914963);
INSERT INTO capacidades VALUES(1, 1, 59.06481908735473);
INSERT INTO capacidades VALUES(1, 2, 73.8086012840753);
INSERT INTO capacidades VALUES(1, 3, 77.79895465458378);
INSERT INTO capacidades VALUES(1, 4, 89.76764709617117);
INSERT INTO capacidades VALUES(1, 5, 30.279669798217856);
INSERT INTO capacidades VALUES(1, 6, 36.197043686775984);
INSERT INTO capacidades VALUES(1, 7, 55.27225745918845);
INSERT INTO capacidades VALUES(1, 8, 54.939506565605235);
INSERT INTO capacidades VALUES(1, 9, 79.9210756548594);
INSERT INTO capacidades VALUES(1, 10, 70.30825443452181);
INSERT INTO capacidades VALUES(1, 11, 53.22711612718508);
INSERT INTO capacidades VALUES(1, 12, 24.30406253359591);
INSERT INTO capacidades VALUES(1, 13, 60.69948231479897);
INSERT INTO capacidades VALUES(1, 14, 21.216286600385303);
INSERT INTO capacidades VALUES(1, 15, 2.1157009837810037);
INSERT INTO capacidades VALUES(1, 16, 10.558015625412743);
INSERT INTO capacidades VALUES(1, 17, 67.89247091326104);
INSERT INTO capacidades VALUES(1, 18, 61.34421382618697);
INSERT INTO capacidades VALUES(1, 19, 38.88468869431491);
INSERT INTO capacidades VALUES(1, 20, 32.982801094112524);
INSERT INTO capacidades VALUES(2, 1, 42.24816571535977);
INSERT INTO capacidades VALUES(2, 2, 70.29647827031098);
INSERT INTO capacidades VALUES(2, 3, 38.43548385047743);
INSERT INTO capacidades VALUES(2, 4, 56.76865283084604);
INSERT INTO capacidades VALUES(2, 5, 73.21970306263228);
INSERT INTO capacidades VALUES(2, 6, 65.61165357375599);
INSERT INTO capacidades VALUES(2, 7, 38.68442555077555);
INSERT INTO capacidades VALUES(2, 8, 15.675832802440944);
INSERT INTO capacidades VALUES(2, 9, 35.30728790694713);
INSERT INTO capacidades VALUES(2, 10, 55.907808853625866);
INSERT INTO capacidades VALUES(2, 11, 30.169039209887288);
INSERT INTO capacidades VALUES(2, 12, 11.95441086869625);
INSERT INTO capacidades VALUES(2, 13, 95.4903105105318);
INSERT INTO capacidades VALUES(2, 14, 52.21349768636994);
INSERT INTO capacidades VALUES(2, 15, 45.95064648875635);
INSERT INTO capacidades VALUES(2, 16, 21.29228569118989);
INSERT INTO capacidades VALUES(2, 17, 65.46137053396129);
INSERT INTO capacidades VALUES(2, 18, 71.41621586719161);
INSERT INTO capacidades VALUES(2, 19, 33.644147812538236);
INSERT INTO capacidades VALUES(2, 20, 58.546984027525326);
INSERT INTO capacidades VALUES(3, 1, 30.556555967869766);
INSERT INTO capacidades VALUES(3, 2, 76.67558747717658);
INSERT INTO capacidades VALUES(3, 3, 96.99383120697001);
INSERT INTO capacidades VALUES(3, 4, 6.026001678614811);
INSERT INTO capacidades VALUES(3, 5, 41.635296746943446);
INSERT INTO capacidades VALUES(3, 6, 52.05682932194577);
INSERT INTO capacidades VALUES(3, 7, 8.41664618400764);
INSERT INTO capacidades VALUES(3, 8, 9.457318419839723);
INSERT INTO capacidades VALUES(3, 9, 69.71456212672291);
INSERT INTO capacidades VALUES(3, 10, 58.61316974616226);
INSERT INTO capacidades VALUES(3, 11, 61.03127400088217);
INSERT INTO capacidades VALUES(3, 12, 47.562904154048326);
INSERT INTO capacidades VALUES(3, 13, 16.996377840340465);
INSERT INTO capacidades VALUES(3, 14, 19.084054761601244);
INSERT INTO capacidades VALUES(3, 15, 56.804706914829765);
INSERT INTO capacidades VALUES(3, 16, 51.24963780854734);
INSERT INTO capacidades VALUES(3, 17, 66.48620753040791);
INSERT INTO capacidades VALUES(3, 18, 27.982065013992425);
INSERT INTO capacidades VALUES(3, 19, 73.96873729447977);
INSERT INTO capacidades VALUES(3, 20, 84.11837655536556);
INSERT INTO capacidades VALUES(4, 1, 12.832885416295255);
INSERT INTO capacidades VALUES(4, 2, 4.890179202152048);
INSERT INTO capacidades VALUES(4, 3, 90.62776724621986);
INSERT INTO capacidades VALUES(4, 4, 63.330063243545084);
INSERT INTO capacidades VALUES(4, 5, 42.74313964533847);
INSERT INTO capacidades VALUES(4, 6, 77.4593615992055);
INSERT INTO capacidades VALUES(4, 7, 37.934613455201266);
INSERT INTO capacidades VALUES(4, 8, 46.7643731907087);
INSERT INTO capacidades VALUES(4, 9, 3.8256703072896414);
INSERT INTO capacidades VALUES(4, 10, 33.413877889831824);
INSERT INTO capacidades VALUES(4, 11, 58.008386889014574);
INSERT INTO capacidades VALUES(4, 12, 36.69932293462766);
INSERT INTO capacidades VALUES(4, 13, 51.186499729735765);
INSERT INTO capacidades VALUES(4, 14, 29.46292016451115);
INSERT INTO capacidades VALUES(4, 15, 14.048830448796096);
INSERT INTO capacidades VALUES(4, 16, 66.90316869595604);
INSERT INTO capacidades VALUES(4, 17, 46.44840921833733);
INSERT INTO capacidades VALUES(4, 18, 11.812201866289818);
INSERT INTO capacidades VALUES(4, 19, 67.92981141044565);
INSERT INTO capacidades VALUES(4, 20, 63.9010500464427);
INSERT INTO capacidades VALUES(5, 1, 15.409964123227226);
INSERT INTO capacidades VALUES(5, 2, 35.20771760610884);
INSERT INTO capacidades VALUES(5, 3, 77.83158008885474);
INSERT INTO capacidades VALUES(5, 4, 111.47763312516008);
INSERT INTO capacidades VALUES(5, 5, 94.12362830646164);
INSERT INTO capacidades VALUES(5, 6, 39.489173589824176);
INSERT INTO capacidades VALUES(5, 7, 60.669906327802536);
INSERT INTO capacidades VALUES(5, 8, 47.54406124089202);
INSERT INTO capacidades VALUES(5, 9, 7.922008452520799);
INSERT INTO capacidades VALUES(5, 10, 50.38702621243046);
INSERT INTO capacidades VALUES(5, 11, 19.668674276817022);
INSERT INTO capacidades VALUES(5, 12, 55.414828130499785);
INSERT INTO capacidades VALUES(5, 13, 48.611629181077355);
INSERT INTO capacidades VALUES(5, 14, 15.181553786583038);
INSERT INTO capacidades VALUES(5, 15, 79.9050547034116);
INSERT INTO capacidades VALUES(5, 16, 37.32568198078944);
INSERT INTO capacidades VALUES(5, 17, 37.958621441594936);
INSERT INTO capacidades VALUES(5, 18, 12.582799652267163);
INSERT INTO capacidades VALUES(5, 19, 26.429674241392284);
INSERT INTO capacidades VALUES(5, 20, 63.43554484734382);
INSERT INTO capacidades VALUES(6, 1, 19.183420675222095);
INSERT INTO capacidades VALUES(6, 2, 12.548596431612154);
INSERT INTO capacidades VALUES(6, 3, 37.59682207957757);
INSERT INTO capacidades VALUES(6, 4, 33.55808171257692);
INSERT INTO capacidades VALUES(6, 5, 45.187284168463435);
INSERT INTO capacidades VALUES(6, 6, 30.496706193647746);
INSERT INTO capacidades VALUES(6, 7, 36.836537337240976);
INSERT INTO capacidades VALUES(6, 8, 97.30997523652587);
INSERT INTO capacidades VALUES(6, 9, 19.655456481705862);
INSERT INTO capacidades VALUES(6, 10, 13.186482563314293);
INSERT INTO capacidades VALUES(6, 11, 46.78516858501435);
INSERT INTO capacidades VALUES(6, 12, 3.4240809503732237);
INSERT INTO capacidades VALUES(6, 13, 62.4327219824838);
INSERT INTO capacidades VALUES(6, 14, 75.94599770722806);
INSERT INTO capacidades VALUES(6, 15, 29.095847412508572);
INSERT INTO capacidades VALUES(6, 16, 39.91025865263978);
INSERT INTO capacidades VALUES(6, 17, 79.83234718691324);
INSERT INTO capacidades VALUES(6, 18, 86.11618967162144);
INSERT INTO capacidades VALUES(6, 19, 16.916262924058657);
INSERT INTO capacidades VALUES(6, 20, 40.43056083296382);
INSERT INTO capacidades VALUES(7, 1, 6.51274912576482);
INSERT INTO capacidades VALUES(7, 2, 83.92441473823445);
INSERT INTO capacidades VALUES(7, 3, 85.24845170652914);
INSERT INTO capacidades VALUES(7, 4, 93.26048759597514);
INSERT INTO capacidades VALUES(7, 5, 59.76780927338229);
INSERT INTO capacidades VALUES(7, 6, 74.09723997454059);
INSERT INTO capacidades VALUES(7, 7, 95.10124634570965);
INSERT INTO capacidades VALUES(7, 8, 48.303996496301274);
INSERT INTO capacidades VALUES(7, 9, 36.724045645165106);
INSERT INTO capacidades VALUES(7, 10, 41.590510007397775);
INSERT INTO capacidades VALUES(7, 11, 64.02215828881847);
INSERT INTO capacidades VALUES(7, 12, 25.00456916090559);
INSERT INTO capacidades VALUES(7, 13, 26.370298951679548);
INSERT INTO capacidades VALUES(7, 14, 48.29155688753025);
INSERT INTO capacidades VALUES(7, 15, 64.88239306598037);
INSERT INTO capacidades VALUES(7, 16, 80.81184427316607);
INSERT INTO capacidades VALUES(7, 17, 49.48883806368471);
INSERT INTO capacidades VALUES(7, 18, 27.335090445317167);
INSERT INTO capacidades VALUES(7, 19, 19.074538244078504);
INSERT INTO capacidades VALUES(7, 20, 84.67584229729212);
INSERT INTO capacidades VALUES(8, 1, 95.76216472237044);
INSERT INTO capacidades VALUES(8, 2, 33.006663062651604);
INSERT INTO capacidades VALUES(8, 3, 47.04183374764971);
INSERT INTO capacidades VALUES(8, 4, 69.55314814068032);
INSERT INTO capacidades VALUES(8, 5, 43.93180644857736);
INSERT INTO capacidades VALUES(8, 6, 110.57998776530833);
INSERT INTO capacidades VALUES(8, 7, 25.75339992791314);
INSERT INTO capacidades VALUES(8, 8, 56.68284082771231);
INSERT INTO capacidades VALUES(8, 9, 73.73737724597423);
INSERT INTO capacidades VALUES(8, 10, 66.02805788321139);
INSERT INTO capacidades VALUES(8, 11, 58.75360703811863);
INSERT INTO capacidades VALUES(8, 12, 25.092934834519927);
INSERT INTO capacidades VALUES(8, 13, 43.011816462119405);
INSERT INTO capacidades VALUES(8, 14, 75.08560326405365);
INSERT INTO capacidades VALUES(8, 15, 12.182378032765293);
INSERT INTO capacidades VALUES(8, 16, 1.3394181041631228);
INSERT INTO capacidades VALUES(8, 17, 109.31524637092879);
INSERT INTO capacidades VALUES(8, 18, 36.052905168198684);
INSERT INTO capacidades VALUES(8, 19, 52.94779377729584);
INSERT INTO capacidades VALUES(8, 20, 60.648663403832494);
INSERT INTO capacidades VALUES(9, 1, 57.43116860014228);
INSERT INTO capacidades VALUES(9, 2, 65.06612748913699);
INSERT INTO capacidades VALUES(9, 3, 52.62034948857078);
INSERT INTO capacidades VALUES(9, 4, 54.780172924869504);
INSERT INTO capacidades VALUES(9, 5, 54.428529700489264);
INSERT INTO capacidades VALUES(9, 6, 18.868199350953102);
INSERT INTO capacidades VALUES(9, 7, 60.86399723132883);
INSERT INTO capacidades VALUES(9, 8, 62.13481442452142);
INSERT INTO capacidades VALUES(9, 9, 76.68454920585705);
INSERT INTO capacidades VALUES(9, 10, 33.70577953825665);
INSERT INTO capacidades VALUES(9, 11, 28.51797722256224);
INSERT INTO capacidades VALUES(9, 12, 30.882776694543427);
INSERT INTO capacidades VALUES(9, 13, 40.384352316323366);
INSERT INTO capacidades VALUES(9, 14, 54.10316876621513);
INSERT INTO capacidades VALUES(9, 15, 72.46501477938533);
INSERT INTO capacidades VALUES(9, 16, 45.896704019698035);
INSERT INTO capacidades VALUES(9, 17, 21.92338168978294);
INSERT INTO capacidades VALUES(9, 18, 47.44359903911848);
INSERT INTO capacidades VALUES(9, 19, 77.58122549300855);
INSERT INTO capacidades VALUES(9, 20, 49.00972754841816);
INSERT INTO capacidades VALUES(10, 1, 51.36562672244415);
INSERT INTO capacidades VALUES(10, 2, 59.363447504275136);
INSERT INTO capacidades VALUES(10, 3, 10.170919867631476);
INSERT INTO capacidades VALUES(10, 4, 24.46040432864715);
INSERT INTO capacidades VALUES(10, 5, 40.75416163606569);
INSERT INTO capacidades VALUES(10, 6, 31.222877079885606);
INSERT INTO capacidades VALUES(10, 7, 62.79169491617468);
INSERT INTO capacidades VALUES(10, 8, 38.87865188390907);
INSERT INTO capacidades VALUES(10, 9, 39.84495865884783);
INSERT INTO capacidades VALUES(10, 10, 32.29943770126283);
INSERT INTO capacidades VALUES(10, 11, 24.599595325835743);
INSERT INTO capacidades VALUES(10, 12, 63.588368110410165);
INSERT INTO capacidades VALUES(10, 13, 56.614670244789274);
INSERT INTO capacidades VALUES(10, 14, 58.951798829147926);
INSERT INTO capacidades VALUES(10, 15, 65.53985809551287);
INSERT INTO capacidades VALUES(10, 16, 103.51640533601274);
INSERT INTO capacidades VALUES(10, 17, 18.795991377153577);
INSERT INTO capacidades VALUES(10, 18, 13.288046416593005);
INSERT INTO capacidades VALUES(10, 19, 70.97745238415428);
INSERT INTO capacidades VALUES(10, 20, 83.83762254225175);
INSERT INTO capacidades VALUES(11, 1, 40.96047661515789);
INSERT INTO capacidades VALUES(11, 2, 35.97451484465103);
INSERT INTO capacidades VALUES(11, 3, 58.54859416716447);
INSERT INTO capacidades VALUES(11, 4, 59.278073467721796);
INSERT INTO capacidades VALUES(11, 5, 54.01776106530999);
INSERT INTO capacidades VALUES(11, 6, 33.9448769450898);
INSERT INTO capacidades VALUES(11, 7, 104.89089260010891);
INSERT INTO capacidades VALUES(11, 8, 53.71804505281605);
INSERT INTO capacidades VALUES(11, 9, 78.51990035966544);
INSERT INTO capacidades VALUES(11, 10, 41.871149592914364);
INSERT INTO capacidades VALUES(11, 11, 24.271926759247396);
INSERT INTO capacidades VALUES(11, 12, 26.773849569235068);
INSERT INTO capacidades VALUES(11, 13, 37.24570416099055);
INSERT INTO capacidades VALUES(11, 14, 33.09507435271246);
INSERT INTO capacidades VALUES(11, 15, 78.65591101003828);
INSERT INTO capacidades VALUES(11, 16, 54.61250527085439);
INSERT INTO capacidades VALUES(11, 17, 10.081672479142313);
INSERT INTO capacidades VALUES(11, 18, 68.08883426467442);
INSERT INTO capacidades VALUES(11, 19, 43.11619997987212);
INSERT INTO capacidades VALUES(11, 20, 56.42207267537734);
INSERT INTO capacidades VALUES(12, 1, 71.87719988576781);
INSERT INTO capacidades VALUES(12, 2, 42.771275320754874);
INSERT INTO capacidades VALUES(12, 3, 104.82145917103634);
INSERT INTO capacidades VALUES(12, 4, 22.360428250396076);
INSERT INTO capacidades VALUES(12, 5, 41.25726871030224);
INSERT INTO capacidades VALUES(12, 6, 29.62074148507871);
INSERT INTO capacidades VALUES(12, 7, 79.62870862212716);
INSERT INTO capacidades VALUES(12, 8, 81.22228568382205);
INSERT INTO capacidades VALUES(12, 9, 28.289030734759965);
INSERT INTO capacidades VALUES(12, 10, 71.07749729550699);
INSERT INTO capacidades VALUES(12, 11, 39.30462958263709);
INSERT INTO capacidades VALUES(12, 12, 25.661204156028706);
INSERT INTO capacidades VALUES(12, 13, 60.5091644967573);
INSERT INTO capacidades VALUES(12, 14, 103.87702198571726);
INSERT INTO capacidades VALUES(12, 15, 51.07124227296738);
INSERT INTO capacidades VALUES(12, 16, 5.665288315689679);
INSERT INTO capacidades VALUES(12, 17, 77.60174771973217);
INSERT INTO capacidades VALUES(12, 18, 68.82980100451445);
INSERT INTO capacidades VALUES(12, 19, 45.09401171341018);
INSERT INTO capacidades VALUES(12, 20, 29.703588005346223);
INSERT INTO capacidades VALUES(13, 1, 26.720652914519825);
INSERT INTO capacidades VALUES(13, 2, 33.950777801352984);
INSERT INTO capacidades VALUES(13, 3, 44.32910546001714);
INSERT INTO capacidades VALUES(13, 4, 53.115264602742954);
INSERT INTO capacidades VALUES(13, 5, 28.330389977754773);
INSERT INTO capacidades VALUES(13, 6, 33.93118772123004);
INSERT INTO capacidades VALUES(13, 7, 34.440375220652214);
INSERT INTO capacidades VALUES(13, 8, 63.91660152864207);
INSERT INTO capacidades VALUES(13, 9, 34.54961792316607);
INSERT INTO capacidades VALUES(13, 10, 35.023785567954455);
INSERT INTO capacidades VALUES(13, 11, 39.99137333750268);
INSERT INTO capacidades VALUES(13, 12, 77.7726379022696);
INSERT INTO capacidades VALUES(13, 13, 71.5380431163635);
INSERT INTO capacidades VALUES(13, 14, 65.90609033978228);
INSERT INTO capacidades VALUES(13, 15, 38.57135033166726);
INSERT INTO capacidades VALUES(13, 16, 43.624233910145165);
INSERT INTO capacidades VALUES(13, 17, 90.2681594038583);
INSERT INTO capacidades VALUES(13, 18, 32.286848999082025);
INSERT INTO capacidades VALUES(13, 19, 8.555097399649021);
INSERT INTO capacidades VALUES(13, 20, 42.675893148682306);
INSERT INTO capacidades VALUES(14, 1, 44.127324028163095);
INSERT INTO capacidades VALUES(14, 2, 53.5972311850365);
INSERT INTO capacidades VALUES(14, 3, 39.488642553254195);
INSERT INTO capacidades VALUES(14, 4, 32.593636545340004);
INSERT INTO capacidades VALUES(14, 5, 42.35065322668399);
INSERT INTO capacidades VALUES(14, 6, 47.33201719290398);
INSERT INTO capacidades VALUES(14, 7, 71.0723704032132);
INSERT INTO capacidades VALUES(14, 8, 73.96849236234796);
INSERT INTO capacidades VALUES(14, 9, 60.22575212934137);
INSERT INTO capacidades VALUES(14, 10, 48.94351760900851);
INSERT INTO capacidades VALUES(14, 11, 47.88668620994129);
INSERT INTO capacidades VALUES(14, 12, 52.924982957704394);
INSERT INTO capacidades VALUES(14, 13, 44.875231629348995);
INSERT INTO capacidades VALUES(14, 14, 68.32158699923598);
INSERT INTO capacidades VALUES(14, 15, 29.005333456097762);
INSERT INTO capacidades VALUES(14, 16, 75.52470637638366);
INSERT INTO capacidades VALUES(14, 17, 84.27148532250266);
INSERT INTO capacidades VALUES(14, 18, 14.01158283030044);
INSERT INTO capacidades VALUES(14, 19, 42.168501694515385);
INSERT INTO capacidades VALUES(14, 20, 9.382296921000652);
INSERT INTO capacidades VALUES(15, 1, 63.557831826436484);
INSERT INTO capacidades VALUES(15, 2, 58.38303702938285);
INSERT INTO capacidades VALUES(15, 3, 30.982428525456164);
INSERT INTO capacidades VALUES(15, 4, 67.39200640934008);
INSERT INTO capacidades VALUES(15, 5, 65.57020466164735);
INSERT INTO capacidades VALUES(15, 6, 30.46908759131827);
INSERT INTO capacidades VALUES(15, 7, 75.85354307066197);
INSERT INTO capacidades VALUES(15, 8, 12.257940929372673);
INSERT INTO capacidades VALUES(15, 9, 70.7518769766206);
INSERT INTO capacidades VALUES(15, 10, 117.48959922645348);
INSERT INTO capacidades VALUES(15, 11, 23.802436471572406);
INSERT INTO capacidades VALUES(15, 12, 50.803984002482586);
INSERT INTO capacidades VALUES(15, 13, 45.6776789632078);
INSERT INTO capacidades VALUES(15, 14, 76.77387107660309);
INSERT INTO capacidades VALUES(15, 15, 84.60019251888531);
INSERT INTO capacidades VALUES(15, 16, 56.75265473145465);
INSERT INTO capacidades VALUES(15, 17, 84.33892063694415);
INSERT INTO capacidades VALUES(15, 18, 87.47827744315012);
INSERT INTO capacidades VALUES(15, 19, 24.99712462738667);
INSERT INTO capacidades VALUES(15, 20, 73.02404116146367);
INSERT INTO capacidades VALUES(16, 1, 45.71234123277216);
INSERT INTO capacidades VALUES(16, 2, 34.359950566685555);
INSERT INTO capacidades VALUES(16, 3, 45.312874253377544);
INSERT INTO capacidades VALUES(16, 4, 15.044386680940335);
INSERT INTO capacidades VALUES(16, 5, 55.03449250563548);
INSERT INTO capacidades VALUES(16, 6, 61.224805748536646);
INSERT INTO capacidades VALUES(16, 7, 47.432702273429896);
INSERT INTO capacidades VALUES(16, 8, 54.20510240840481);
INSERT INTO capacidades VALUES(16, 9, 59.549555811388956);
INSERT INTO capacidades VALUES(16, 10, 58.10209564769463);
INSERT INTO capacidades VALUES(16, 11, 40.92204745983386);
INSERT INTO capacidades VALUES(16, 12, 18.022957407646274);
INSERT INTO capacidades VALUES(16, 13, 55.180970461148725);
INSERT INTO capacidades VALUES(16, 14, 26.43093603980357);
INSERT INTO capacidades VALUES(16, 15, 25.371407317833697);
INSERT INTO capacidades VALUES(16, 16, 99.40523761541728);
INSERT INTO capacidades VALUES(16, 17, 66.9296483886509);
INSERT INTO capacidades VALUES(16, 18, 69.31600426436927);
INSERT INTO capacidades VALUES(16, 19, 25.260198371651363);
INSERT INTO capacidades VALUES(16, 20, 58.7714169896373);
INSERT INTO capacidades VALUES(17, 1, 16.993404313304772);
INSERT INTO capacidades VALUES(17, 2, 51.54077178973136);
INSERT INTO capacidades VALUES(17, 3, 23.537057230834467);
INSERT INTO capacidades VALUES(17, 4, 48.496213902461086);
INSERT INTO capacidades VALUES(17, 5, 80.74370299130054);
INSERT INTO capacidades VALUES(17, 6, 28.83742626534684);
INSERT INTO capacidades VALUES(17, 7, 95.14361954866739);
INSERT INTO capacidades VALUES(17, 8, 30.21803510775749);
INSERT INTO capacidades VALUES(17, 9, 15.184853687295671);
INSERT INTO capacidades VALUES(17, 10, 38.26325729459153);
INSERT INTO capacidades VALUES(17, 11, 68.71552137645995);
INSERT INTO capacidades VALUES(17, 12, 22.453515692948617);
INSERT INTO capacidades VALUES(17, 13, 49.30697951212582);
INSERT INTO capacidades VALUES(17, 14, 65.43232929154635);
INSERT INTO capacidades VALUES(17, 15, 26.197065956147092);
INSERT INTO capacidades VALUES(17, 16, 51.513347333241455);
INSERT INTO capacidades VALUES(17, 17, 44.099004558508724);
INSERT INTO capacidades VALUES(17, 18, 19.87663136791829);
INSERT INTO capacidades VALUES(17, 19, 75.98455760777955);
INSERT INTO capacidades VALUES(17, 20, 61.44360927824998);
INSERT INTO capacidades VALUES(18, 1, 14.707719474317592);
INSERT INTO capacidades VALUES(18, 2, 63.61662201684141);
INSERT INTO capacidades VALUES(18, 3, 17.265479304696733);
INSERT INTO capacidades VALUES(18, 4, 85.85426726656462);
INSERT INTO capacidades VALUES(18, 5, 66.20424848480627);
INSERT INTO capacidades VALUES(18, 6, 46.20337366755914);
INSERT INTO capacidades VALUES(18, 7, 34.35514571869153);
INSERT INTO capacidades VALUES(18, 8, 27.161001567919158);
INSERT INTO capacidades VALUES(18, 9, 45.70343702706434);
INSERT INTO capacidades VALUES(18, 10, 37.431972246162374);
INSERT INTO capacidades VALUES(18, 11, 61.99370266529283);
INSERT INTO capacidades VALUES(18, 12, 41.009088600173534);
INSERT INTO capacidades VALUES(18, 13, 29.81043639523511);
INSERT INTO capacidades VALUES(18, 14, 97.4780594732978);
INSERT INTO capacidades VALUES(18, 15, 41.03452348360187);
INSERT INTO capacidades VALUES(18, 16, 43.35247985620114);
INSERT INTO capacidades VALUES(18, 17, 30.306737009820466);
INSERT INTO capacidades VALUES(18, 18, 31.30011314827923);
INSERT INTO capacidades VALUES(18, 19, 35.28872102144037);
INSERT INTO capacidades VALUES(18, 20, 30.02171236437441);
INSERT INTO capacidades VALUES(19, 1, 25.57228598541329);
INSERT INTO capacidades VALUES(19, 2, 60.82979651609533);
INSERT INTO capacidades VALUES(19, 3, 45.11544605126077);
INSERT INTO capacidades VALUES(19, 4, 22.443830783612018);
INSERT INTO capacidades VALUES(19, 5, 39.202865658689845);
INSERT INTO capacidades VALUES(19, 6, 54.085644248639916);
INSERT INTO capacidades VALUES(19, 7, 20.776540993478516);
INSERT INTO capacidades VALUES(19, 8, 48.03497094134396);
INSERT INTO capacidades VALUES(19, 9, 69.62250654209055);
INSERT INTO capacidades VALUES(19, 10, 25.09049976660495);
INSERT INTO capacidades VALUES(19, 11, 64.11889606598521);
INSERT INTO capacidades VALUES(19, 12, 68.12147715958444);
INSERT INTO capacidades VALUES(19, 13, 52.67392557184974);
INSERT INTO capacidades VALUES(19, 14, 48.04870882014553);
INSERT INTO capacidades VALUES(19, 15, 45.452422671084214);
INSERT INTO capacidades VALUES(19, 16, 37.88433306181903);
INSERT INTO capacidades VALUES(19, 17, 7.455382700470544);
INSERT INTO capacidades VALUES(19, 18, 87.58451114137753);
INSERT INTO capacidades VALUES(19, 19, 64.99461527269041);
INSERT INTO capacidades VALUES(19, 20, 77.69490740132095);
INSERT INTO capacidades VALUES(20, 1, 76.41333543661453);
INSERT INTO capacidades VALUES(20, 2, 39.44522787677227);
INSERT INTO capacidades VALUES(20, 3, 36.464300425976255);
INSERT INTO capacidades VALUES(20, 4, 16.850578943152406);
INSERT INTO capacidades VALUES(20, 5, 39.559222268536395);
INSERT INTO capacidades VALUES(20, 6, 35.80048135585223);
INSERT INTO capacidades VALUES(20, 7, 79.43344254871334);
INSERT INTO capacidades VALUES(20, 8, 72.21609698450807);
INSERT INTO capacidades VALUES(20, 9, 19.275243557848004);
INSERT INTO capacidades VALUES(20, 10, 11.766564812560318);
INSERT INTO capacidades VALUES(20, 11, 17.026206587221473);
INSERT INTO capacidades VALUES(20, 12, 51.40163002946791);
INSERT INTO capacidades VALUES(20, 13, 39.99656927352573);
INSERT INTO capacidades VALUES(20, 14, 28.96357814002341);
INSERT INTO capacidades VALUES(20, 15, 38.57343985570352);
INSERT INTO capacidades VALUES(20, 16, 14.776212760033474);
INSERT INTO capacidades VALUES(20, 17, 39.03420375042178);
INSERT INTO capacidades VALUES(20, 18, 103.2987716926325);
INSERT INTO capacidades VALUES(20, 19, 45.07363991270205);
INSERT INTO capacidades VALUES(20, 20, 44.6279774390044);
INSERT INTO capacidades VALUES(21, 1, 53.46619296317286);
INSERT INTO capacidades VALUES(21, 2, 51.17027183276625);
INSERT INTO capacidades VALUES(21, 3, 94.85904819514745);
INSERT INTO capacidades VALUES(21, 4, 56.69750222429768);
INSERT INTO capacidades VALUES(21, 5, 63.35361012447231);
INSERT INTO capacidades VALUES(21, 6, 28.300610616760853);
INSERT INTO capacidades VALUES(21, 7, 6.42003434226509);
INSERT INTO capacidades VALUES(21, 8, 72.98844843110115);
INSERT INTO capacidades VALUES(21, 9, 69.02157586050672);
INSERT INTO capacidades VALUES(21, 10, 68.45533273452904);
INSERT INTO capacidades VALUES(21, 11, 61.497731380777154);
INSERT INTO capacidades VALUES(21, 12, 98.41415770377503);
INSERT INTO capacidades VALUES(21, 13, 0.853608650006862);
INSERT INTO capacidades VALUES(21, 14, 25.80290365490813);
INSERT INTO capacidades VALUES(21, 15, 104.50523384909383);
INSERT INTO capacidades VALUES(21, 16, 53.48875345848552);
INSERT INTO capacidades VALUES(21, 17, 85.30940111931496);
INSERT INTO capacidades VALUES(21, 18, 53.85179540996008);
INSERT INTO capacidades VALUES(21, 19, 43.13819545746781);
INSERT INTO capacidades VALUES(21, 20, 95.59246784078522);
INSERT INTO capacidades VALUES(22, 1, 51.997834061277075);
INSERT INTO capacidades VALUES(22, 2, 30.83065003122566);
INSERT INTO capacidades VALUES(22, 3, 48.86954979629674);
INSERT INTO capacidades VALUES(22, 4, 71.32441034159612);
INSERT INTO capacidades VALUES(22, 5, 50.33263809503417);
INSERT INTO capacidades VALUES(22, 6, 73.86153096494974);
INSERT INTO capacidades VALUES(22, 7, 23.028979688920597);
INSERT INTO capacidades VALUES(22, 8, 59.85814020413193);
INSERT INTO capacidades VALUES(22, 9, 95.68380234873756);
INSERT INTO capacidades VALUES(22, 10, 78.11138776708414);
INSERT INTO capacidades VALUES(22, 11, 67.03513675677382);
INSERT INTO capacidades VALUES(22, 12, 35.39421883574131);
INSERT INTO capacidades VALUES(22, 13, 2.1070101142792197);
INSERT INTO capacidades VALUES(22, 14, 32.56576892241546);
INSERT INTO capacidades VALUES(22, 15, 55.83810958819537);
INSERT INTO capacidades VALUES(22, 16, 18.031796733113097);
INSERT INTO capacidades VALUES(22, 17, 61.17427022973429);
INSERT INTO capacidades VALUES(22, 18, 40.00726911507598);
INSERT INTO capacidades VALUES(22, 19, 54.290586863722645);
INSERT INTO capacidades VALUES(22, 20, 91.36330399154072);
INSERT INTO capacidades VALUES(23, 1, 41.751398000232676);
INSERT INTO capacidades VALUES(23, 2, 14.360652760768104);
INSERT INTO capacidades VALUES(23, 3, 94.8164284903158);
INSERT INTO capacidades VALUES(23, 4, 44.38008060970812);
INSERT INTO capacidades VALUES(23, 5, 36.07732128205229);
INSERT INTO capacidades VALUES(23, 6, 35.744485579314826);
INSERT INTO capacidades VALUES(23, 7, 59.52722851862882);
INSERT INTO capacidades VALUES(23, 8, 19.06264461819279);
INSERT INTO capacidades VALUES(23, 9, 53.827235559777215);
INSERT INTO capacidades VALUES(23, 10, 69.8954867892566);
INSERT INTO capacidades VALUES(23, 11, 100.64987865144097);
INSERT INTO capacidades VALUES(23, 12, 39.333033407668765);
INSERT INTO capacidades VALUES(23, 13, 67.51043388962717);
INSERT INTO capacidades VALUES(23, 14, 50.076157409969674);
INSERT INTO capacidades VALUES(23, 15, 85.1537396742552);
INSERT INTO capacidades VALUES(23, 16, 56.3088689588304);
INSERT INTO capacidades VALUES(23, 17, 82.34936942398858);
INSERT INTO capacidades VALUES(23, 18, 14.064990150036287);
INSERT INTO capacidades VALUES(23, 19, 48.344738496102394);
INSERT INTO capacidades VALUES(23, 20, 0.34190797750516566);
INSERT INTO capacidades VALUES(24, 1, 37.80302751862234);
INSERT INTO capacidades VALUES(24, 2, 18.26287710039043);
INSERT INTO capacidades VALUES(24, 3, 86.96774254310837);
INSERT INTO capacidades VALUES(24, 4, 74.0317428331339);
INSERT INTO capacidades VALUES(24, 5, 41.089119258461935);
INSERT INTO capacidades VALUES(24, 6, 29.26906918660411);
INSERT INTO capacidades VALUES(24, 7, 45.01540313835042);
INSERT INTO capacidades VALUES(24, 8, 4.644875043933595);
INSERT INTO capacidades VALUES(24, 9, 31.67079334034923);
INSERT INTO capacidades VALUES(24, 10, 66.9788530831164);
INSERT INTO capacidades VALUES(24, 11, 47.01440785048325);
INSERT INTO capacidades VALUES(24, 12, 20.986870414529175);
INSERT INTO capacidades VALUES(24, 13, 63.82953982738971);
INSERT INTO capacidades VALUES(24, 14, 55.921533562123805);
INSERT INTO capacidades VALUES(24, 15, 9.917434527465439);
INSERT INTO capacidades VALUES(24, 16, 46.56927284863501);
INSERT INTO capacidades VALUES(24, 17, 22.933808988588);
INSERT INTO capacidades VALUES(24, 18, 74.02282578156587);
INSERT INTO capacidades VALUES(24, 19, 3.434025822225024);
INSERT INTO capacidades VALUES(24, 20, 86.72291382716719);
INSERT INTO capacidades VALUES(25, 1, 50.690651033029596);
INSERT INTO capacidades VALUES(25, 2, 34.70075937877063);
INSERT INTO capacidades VALUES(25, 3, 61.72554204623799);
INSERT INTO capacidades VALUES(25, 4, 54.288916675984005);
INSERT INTO capacidades VALUES(25, 5, 44.189137347660775);
INSERT INTO capacidades VALUES(25, 6, 65.76450939895385);
INSERT INTO capacidades VALUES(25, 7, 54.524889821910676);
INSERT INTO capacidades VALUES(25, 8, 48.36124406361239);
INSERT INTO capacidades VALUES(25, 9, 30.138497788986776);
INSERT INTO capacidades VALUES(25, 10, 51.695084930077236);
INSERT INTO capacidades VALUES(25, 11, 41.16109003034074);
INSERT INTO capacidades VALUES(25, 12, 34.00055910969462);
INSERT INTO capacidades VALUES(25, 13, 62.213421781026156);
INSERT INTO capacidades VALUES(25, 14, 87.631926910548);
INSERT INTO capacidades VALUES(25, 15, 74.84484468645437);
INSERT INTO capacidades VALUES(25, 16, 83.06491852435062);
INSERT INTO capacidades VALUES(25, 17, 63.584709994396015);
INSERT INTO capacidades VALUES(25, 18, 37.89062944370471);
INSERT INTO capacidades VALUES(25, 19, 59.360938038141214);
INSERT INTO capacidades VALUES(25, 20, 44.43441632280371);
INSERT INTO capacidades VALUES(26, 1, 24.679805348939016);
INSERT INTO capacidades VALUES(26, 2, 67.05034595647308);
INSERT INTO capacidades VALUES(26, 3, 80.60404246606556);
INSERT INTO capacidades VALUES(26, 4, 59.682731300638956);
INSERT INTO capacidades VALUES(26, 5, 120.69065705601426);
INSERT INTO capacidades VALUES(26, 6, 21.520862324489553);
INSERT INTO capacidades VALUES(26, 7, 57.19699480290724);
INSERT INTO capacidades VALUES(26, 8, 86.29070367486968);
INSERT INTO capacidades VALUES(26, 9, 63.76286545268221);
INSERT INTO capacidades VALUES(26, 10, 27.073681011612607);
INSERT INTO capacidades VALUES(26, 11, 32.756285243047515);
INSERT INTO capacidades VALUES(26, 12, 33.66457826106046);
INSERT INTO capacidades VALUES(26, 13, 27.706727780657072);
INSERT INTO capacidades VALUES(26, 14, 61.41326631373059);
INSERT INTO capacidades VALUES(26, 15, 82.49673973746454);
INSERT INTO capacidades VALUES(26, 16, 6.291228915262209);
INSERT INTO capacidades VALUES(26, 17, 29.074573757133777);
INSERT INTO capacidades VALUES(26, 18, 45.805482677327184);
INSERT INTO capacidades VALUES(26, 19, 3.144093316098207);
INSERT INTO capacidades VALUES(26, 20, 46.34014537751596);
INSERT INTO capacidades VALUES(27, 1, 39.654070948687554);
INSERT INTO capacidades VALUES(27, 2, 29.500028903904102);
INSERT INTO capacidades VALUES(27, 3, 25.849295673519425);
INSERT INTO capacidades VALUES(27, 4, 95.33712743752785);
INSERT INTO capacidades VALUES(27, 5, 62.83659199760946);
INSERT INTO capacidades VALUES(27, 6, 15.370362770973465);
INSERT INTO capacidades VALUES(27, 7, 36.039645580989955);
INSERT INTO capacidades VALUES(27, 8, 43.12046437769345);
INSERT INTO capacidades VALUES(27, 9, 58.16046553509768);
INSERT INTO capacidades VALUES(27, 10, 48.064330595617264);
INSERT INTO capacidades VALUES(27, 11, 33.67555544274815);
INSERT INTO capacidades VALUES(27, 12, 26.21813094281592);
INSERT INTO capacidades VALUES(27, 13, 15.281229527994668);
INSERT INTO capacidades VALUES(27, 14, 78.40919532176773);
INSERT INTO capacidades VALUES(27, 15, 69.51485279896822);
INSERT INTO capacidades VALUES(27, 16, 61.37871955659277);
INSERT INTO capacidades VALUES(27, 17, 54.19767394845326);
INSERT INTO capacidades VALUES(27, 18, 68.87223938674023);
INSERT INTO capacidades VALUES(27, 19, 72.61672032049579);
INSERT INTO capacidades VALUES(27, 20, 101.34265740844782);
INSERT INTO capacidades VALUES(28, 1, 35.33895333456777);
INSERT INTO capacidades VALUES(28, 2, 63.99420067325637);
INSERT INTO capacidades VALUES(28, 3, 53.28808086253996);
INSERT INTO capacidades VALUES(28, 4, 54.69479809608902);
INSERT INTO capacidades VALUES(28, 5, 51.26554275367342);
INSERT INTO capacidades VALUES(28, 6, 24.51750797532138);
INSERT INTO capacidades VALUES(28, 7, 3.67159215586409);
INSERT INTO capacidades VALUES(28, 8, 102.5264511465301);
INSERT INTO capacidades VALUES(28, 9, 74.51987462621804);
INSERT INTO capacidades VALUES(28, 10, 61.32834258577289);
INSERT INTO capacidades VALUES(28, 11, 40.210582525636866);
INSERT INTO capacidades VALUES(28, 12, 63.027544419721565);
INSERT INTO capacidades VALUES(28, 13, 34.43128418109366);
INSERT INTO capacidades VALUES(28, 14, 24.279984376081448);
INSERT INTO capacidades VALUES(28, 15, 71.17079345269983);
INSERT INTO capacidades VALUES(28, 16, 24.099775009871472);
INSERT INTO capacidades VALUES(28, 17, 30.18550490317051);
INSERT INTO capacidades VALUES(28, 18, 12.111091196168658);
INSERT INTO capacidades VALUES(28, 19, 129.68333860836208);
INSERT INTO capacidades VALUES(28, 20, 70.83145784360815);
INSERT INTO capacidades VALUES(29, 1, 40.659103930662425);
INSERT INTO capacidades VALUES(29, 2, 32.98377347080706);
INSERT INTO capacidades VALUES(29, 3, 34.75356174965507);
INSERT INTO capacidades VALUES(29, 4, 40.22770038576766);
INSERT INTO capacidades VALUES(29, 5, 63.68445821601459);
INSERT INTO capacidades VALUES(29, 6, 113.88353855885377);
INSERT INTO capacidades VALUES(29, 7, 98.55294880002333);
INSERT INTO capacidades VALUES(29, 8, 56.04166239372261);
INSERT INTO capacidades VALUES(29, 9, 78.80227907589614);
INSERT INTO capacidades VALUES(29, 10, 65.19543428378151);
INSERT INTO capacidades VALUES(29, 11, 33.38384560604543);
INSERT INTO capacidades VALUES(29, 12, 87.76613409675923);
INSERT INTO capacidades VALUES(29, 13, 123.80474380713224);
INSERT INTO capacidades VALUES(29, 14, 17.16296160309882);
INSERT INTO capacidades VALUES(29, 15, 48.23010951853354);
INSERT INTO capacidades VALUES(29, 16, 30.737797594671175);
INSERT INTO capacidades VALUES(29, 17, 53.88812333845215);
INSERT INTO capacidades VALUES(29, 18, 66.54851024918709);
INSERT INTO capacidades VALUES(29, 19, 35.98774134480828);
INSERT INTO capacidades VALUES(29, 20, 48.57871650850625);
INSERT INTO capacidades VALUES(30, 1, 21.24684409492651);
INSERT INTO capacidades VALUES(30, 2, 46.07644687857353);
INSERT INTO capacidades VALUES(30, 3, 58.45523056486673);
INSERT INTO capacidades VALUES(30, 4, 50.99863573151327);
INSERT INTO capacidades VALUES(30, 5, 73.24395581810566);
INSERT INTO capacidades VALUES(30, 6, 28.872623349219772);
INSERT INTO capacidades VALUES(30, 7, 61.65344233174399);
INSERT INTO capacidades VALUES(30, 8, 91.09667605313668);
INSERT INTO capacidades VALUES(30, 9, 46.2188477703993);
INSERT INTO capacidades VALUES(30, 10, 33.7032400620162);
INSERT INTO capacidades VALUES(30, 11, 53.79779996809179);
INSERT INTO capacidades VALUES(30, 12, 7.55747782561253);
INSERT INTO capacidades VALUES(30, 13, 55.34630295548081);
INSERT INTO capacidades VALUES(30, 14, 52.86778277398311);
INSERT INTO capacidades VALUES(30, 15, 49.52776906886594);
INSERT INTO capacidades VALUES(30, 16, 56.94331691594898);
INSERT INTO capacidades VALUES(30, 17, 66.64783595582652);
INSERT INTO capacidades VALUES(30, 18, 62.23906171841259);
INSERT INTO capacidades VALUES(30, 19, 86.59072641233675);
INSERT INTO capacidades VALUES(30, 20, 97.00313285337211);
INSERT INTO capacidades VALUES(31, 1, 65.18938003634662);
INSERT INTO capacidades VALUES(31, 2, 31.621796931026328);
INSERT INTO capacidades VALUES(31, 3, 29.86130521732873);
INSERT INTO capacidades VALUES(31, 4, 59.78101950231614);
INSERT INTO capacidades VALUES(31, 5, 35.77212609960874);
INSERT INTO capacidades VALUES(31, 6, 105.21748745608488);
INSERT INTO capacidades VALUES(31, 7, 1.9639419241658445);
INSERT INTO capacidades VALUES(31, 8, 59.08067021954527);
INSERT INTO capacidades VALUES(31, 9, 45.55379179734511);
INSERT INTO capacidades VALUES(31, 10, 82.29268028843238);
INSERT INTO capacidades VALUES(31, 11, 30.585021529965072);
INSERT INTO capacidades VALUES(31, 12, 3.0554039675628673);
INSERT INTO capacidades VALUES(31, 13, 62.12685307068489);
INSERT INTO capacidades VALUES(31, 14, 81.73018237423979);
INSERT INTO capacidades VALUES(31, 15, 31.622168648068907);
INSERT INTO capacidades VALUES(31, 16, 71.9415863284498);
INSERT INTO capacidades VALUES(31, 17, 42.2425119543408);
INSERT INTO capacidades VALUES(31, 18, 60.57042024208378);
INSERT INTO capacidades VALUES(31, 19, 45.29560135488508);
INSERT INTO capacidades VALUES(31, 20, 17.26044673738081);
INSERT INTO capacidades VALUES(32, 1, 107.14172746844372);
INSERT INTO capacidades VALUES(32, 2, 44.08807378822003);
INSERT INTO capacidades VALUES(32, 3, 29.1056830424494);
INSERT INTO capacidades VALUES(32, 4, 42.79542043811807);
INSERT INTO capacidades VALUES(32, 5, 88.55634589079362);
INSERT INTO capacidades VALUES(32, 6, 54.784871938089346);
INSERT INTO capacidades VALUES(32, 7, 64.1597573117741);
INSERT INTO capacidades VALUES(32, 8, 35.79474666344811);
INSERT INTO capacidades VALUES(32, 9, 66.49538530186072);
INSERT INTO capacidades VALUES(32, 10, 75.40867572581456);
INSERT INTO capacidades VALUES(32, 11, 52.40387858270248);
INSERT INTO capacidades VALUES(32, 12, 43.41069646169281);
INSERT INTO capacidades VALUES(32, 13, 26.00605534870751);
INSERT INTO capacidades VALUES(32, 14, 55.67015008718449);
INSERT INTO capacidades VALUES(32, 15, 35.46684227258277);
INSERT INTO capacidades VALUES(32, 16, 61.919611581182274);
INSERT INTO capacidades VALUES(32, 17, 16.906690869476733);
INSERT INTO capacidades VALUES(32, 18, 75.37139028986236);
INSERT INTO capacidades VALUES(32, 19, 68.3501221246442);
INSERT INTO capacidades VALUES(32, 20, 37.96567255216976);
INSERT INTO capacidades VALUES(33, 1, 84.95275964380852);
INSERT INTO capacidades VALUES(33, 2, 33.733347125827805);
INSERT INTO capacidades VALUES(33, 3, 86.33386627959314);
INSERT INTO capacidades VALUES(33, 4, 82.87283100277699);
INSERT INTO capacidades VALUES(33, 5, 34.0360047037906);
INSERT INTO capacidades VALUES(33, 6, 30.227457648606382);
INSERT INTO capacidades VALUES(33, 7, 63.62811927018886);
INSERT INTO capacidades VALUES(33, 8, 64.02697586661094);
INSERT INTO capacidades VALUES(33, 9, 57.679122334192705);
INSERT INTO capacidades VALUES(33, 10, 67.08774558807178);
INSERT INTO capacidades VALUES(33, 11, 53.65081361522532);
INSERT INTO capacidades VALUES(33, 12, 38.214467149977544);
INSERT INTO capacidades VALUES(33, 13, 33.4981903877637);
INSERT INTO capacidades VALUES(33, 14, 72.83321777178867);
INSERT INTO capacidades VALUES(33, 15, 84.30554302588406);
INSERT INTO capacidades VALUES(33, 16, 58.453742286362626);
INSERT INTO capacidades VALUES(33, 17, 48.13856046156374);
INSERT INTO capacidades VALUES(33, 18, 57.25743308878816);
INSERT INTO capacidades VALUES(33, 19, 49.392811275553335);
INSERT INTO capacidades VALUES(33, 20, 25.25524323798676);
INSERT INTO capacidades VALUES(34, 1, 29.96969104006505);
INSERT INTO capacidades VALUES(34, 2, 59.14745827256725);
INSERT INTO capacidades VALUES(34, 3, 68.15734108754538);
INSERT INTO capacidades VALUES(34, 4, 57.95304319776227);
INSERT INTO capacidades VALUES(34, 5, 75.27091926297159);
INSERT INTO capacidades VALUES(34, 6, 66.44109255218477);
INSERT INTO capacidades VALUES(34, 7, 68.48914936172012);
INSERT INTO capacidades VALUES(34, 8, 13.772961226094466);
INSERT INTO capacidades VALUES(34, 9, 38.653164081645215);
INSERT INTO capacidades VALUES(34, 10, 46.53835143723917);
INSERT INTO capacidades VALUES(34, 11, 50.18608336052025);
INSERT INTO capacidades VALUES(34, 12, 55.14367157995979);
INSERT INTO capacidades VALUES(34, 13, 10.878518839668402);
INSERT INTO capacidades VALUES(34, 14, 75.70581756808414);
INSERT INTO capacidades VALUES(34, 15, 58.34640900086542);
INSERT INTO capacidades VALUES(34, 16, 49.86642186181053);
INSERT INTO capacidades VALUES(34, 17, 49.3114588405285);
INSERT INTO capacidades VALUES(34, 18, 80.43119690706841);
INSERT INTO capacidades VALUES(34, 19, 48.01024335966078);
INSERT INTO capacidades VALUES(34, 20, 88.9192448351836);
INSERT INTO capacidades VALUES(35, 1, 65.01531199533362);
INSERT INTO capacidades VALUES(35, 2, 22.896769697069026);
INSERT INTO capacidades VALUES(35, 3, 25.19395031890933);
INSERT INTO capacidades VALUES(35, 4, 35.157005388684716);
INSERT INTO capacidades VALUES(35, 5, 61.690028826690835);
INSERT INTO capacidades VALUES(35, 6, 57.72707889284463);
INSERT INTO capacidades VALUES(35, 7, 82.9955505830059);
INSERT INTO capacidades VALUES(35, 8, 47.23551865447436);
INSERT INTO capacidades VALUES(35, 9, 39.176769736866916);
INSERT INTO capacidades VALUES(35, 10, 26.11913890105199);
INSERT INTO capacidades VALUES(35, 11, 30.222327833459047);
INSERT INTO capacidades VALUES(35, 12, 76.33629312648458);
INSERT INTO capacidades VALUES(35, 13, 51.21501467425228);
INSERT INTO capacidades VALUES(35, 14, 55.79398295211497);
INSERT INTO capacidades VALUES(35, 15, 52.6399263115291);
INSERT INTO capacidades VALUES(35, 16, 55.32773031071602);
INSERT INTO capacidades VALUES(35, 17, 73.37459640070051);
INSERT INTO capacidades VALUES(35, 18, 59.790090594466854);
INSERT INTO capacidades VALUES(35, 19, 36.695946109062554);
INSERT INTO capacidades VALUES(35, 20, 68.42940385689661);
INSERT INTO capacidades VALUES(36, 1, 68.05348937149253);
INSERT INTO capacidades VALUES(36, 2, 40.34947749800695);
INSERT INTO capacidades VALUES(36, 3, 83.03143326202348);
INSERT INTO capacidades VALUES(36, 4, 102.46709769383054);
INSERT INTO capacidades VALUES(36, 5, 78.13719982429433);
INSERT INTO capacidades VALUES(36, 6, 33.71474593612238);
INSERT INTO capacidades VALUES(36, 7, 18.491924606302785);
INSERT INTO capacidades VALUES(36, 8, 15.323478781605651);
INSERT INTO capacidades VALUES(36, 9, 1.1060928080683397);
INSERT INTO capacidades VALUES(36, 10, 32.73455309915815);
INSERT INTO capacidades VALUES(36, 11, 86.08001411686942);
INSERT INTO capacidades VALUES(36, 12, 42.775701055557654);
INSERT INTO capacidades VALUES(36, 13, 87.960881486439);
INSERT INTO capacidades VALUES(36, 14, 92.14587664148522);
INSERT INTO capacidades VALUES(36, 15, 45.00090698615848);
INSERT INTO capacidades VALUES(36, 16, 63.406088320393756);
INSERT INTO capacidades VALUES(36, 17, 33.06052047790189);
INSERT INTO capacidades VALUES(36, 18, 20.183250581433672);
INSERT INTO capacidades VALUES(36, 19, 47.270496633010026);
INSERT INTO capacidades VALUES(36, 20, 53.53728358823777);
INSERT INTO capacidades VALUES(37, 1, 74.72947793999066);
INSERT INTO capacidades VALUES(37, 2, 40.22426108499802);
INSERT INTO capacidades VALUES(37, 3, 76.6982552905834);
INSERT INTO capacidades VALUES(37, 4, 35.991645993744825);
INSERT INTO capacidades VALUES(37, 5, 26.18492444031231);
INSERT INTO capacidades VALUES(37, 6, 79.81907994173079);
INSERT INTO capacidades VALUES(37, 7, 46.67899262489771);
INSERT INTO capacidades VALUES(37, 8, 46.61726649551039);
INSERT INTO capacidades VALUES(37, 9, 34.98386320689573);
INSERT INTO capacidades VALUES(37, 10, 82.2013130643586);
INSERT INTO capacidades VALUES(37, 11, 20.88138806429557);
INSERT INTO capacidades VALUES(37, 12, 75.11779829902426);
INSERT INTO capacidades VALUES(37, 13, 66.70496218975016);
INSERT INTO capacidades VALUES(37, 14, 72.19028874739668);
INSERT INTO capacidades VALUES(37, 15, 77.00765611977607);
INSERT INTO capacidades VALUES(37, 16, 61.73769267359838);
INSERT INTO capacidades VALUES(37, 17, 34.6422704789292);
INSERT INTO capacidades VALUES(37, 18, 83.75075662131772);
INSERT INTO capacidades VALUES(37, 19, 5.845835036389822);
INSERT INTO capacidades VALUES(37, 20, 65.021110393617);
INSERT INTO capacidades VALUES(38, 1, 36.439500343297);
INSERT INTO capacidades VALUES(38, 2, 53.12023414183617);
INSERT INTO capacidades VALUES(38, 3, 29.93758201627305);
INSERT INTO capacidades VALUES(38, 4, 76.31990873124425);
INSERT INTO capacidades VALUES(38, 5, 65.38821059266898);
INSERT INTO capacidades VALUES(38, 6, 46.24568143640902);
INSERT INTO capacidades VALUES(38, 7, 33.0075703645215);
INSERT INTO capacidades VALUES(38, 8, 33.399038746437895);
INSERT INTO capacidades VALUES(38, 9, 61.03706042222714);
INSERT INTO capacidades VALUES(38, 10, 15.54010887171031);
INSERT INTO capacidades VALUES(38, 11, 52.74560341380554);
INSERT INTO capacidades VALUES(38, 12, 55.29322068055861);
INSERT INTO capacidades VALUES(38, 13, 53.992057761120364);
INSERT INTO capacidades VALUES(38, 14, 50.81448672879862);
INSERT INTO capacidades VALUES(38, 15, 70.7185026587171);
INSERT INTO capacidades VALUES(38, 16, 65.77935462430956);
INSERT INTO capacidades VALUES(38, 17, 68.99838309273352);
INSERT INTO capacidades VALUES(38, 18, 18.04895133334748);
INSERT INTO capacidades VALUES(38, 19, 63.8194962119447);
INSERT INTO capacidades VALUES(38, 20, 76.5277042504133);
INSERT INTO capacidades VALUES(39, 1, 27.15506153926802);
INSERT INTO capacidades VALUES(39, 2, 76.85031974622967);
INSERT INTO capacidades VALUES(39, 3, 48.931805822833475);
INSERT INTO capacidades VALUES(39, 4, 19.642100744293266);
INSERT INTO capacidades VALUES(39, 5, 64.99391175089522);
INSERT INTO capacidades VALUES(39, 6, 58.680925490041744);
INSERT INTO capacidades VALUES(39, 7, 54.79948470254781);
INSERT INTO capacidades VALUES(39, 8, 63.190862502611);
INSERT INTO capacidades VALUES(39, 9, 14.76495702374931);
INSERT INTO capacidades VALUES(39, 10, 63.317223201572475);
INSERT INTO capacidades VALUES(39, 11, 66.56768682925525);
INSERT INTO capacidades VALUES(39, 12, 69.75315308505841);
INSERT INTO capacidades VALUES(39, 13, 48.68173621091229);
INSERT INTO capacidades VALUES(39, 14, 39.242640503354636);
INSERT INTO capacidades VALUES(39, 15, 46.52406902540636);
INSERT INTO capacidades VALUES(39, 16, 90.61512225299069);
INSERT INTO capacidades VALUES(39, 17, 75.72809533976925);
INSERT INTO capacidades VALUES(39, 18, 1.814217175807606);
INSERT INTO capacidades VALUES(39, 19, 36.552315980014804);
INSERT INTO capacidades VALUES(39, 20, 33.147081042942155);
INSERT INTO capacidades VALUES(40, 1, 12.634823000701076);
INSERT INTO capacidades VALUES(40, 2, 3.1967920525797666);
INSERT INTO capacidades VALUES(40, 3, 33.540841687449536);
INSERT INTO capacidades VALUES(40, 4, 38.57646128793853);
INSERT INTO capacidades VALUES(40, 5, 69.26635121075444);
INSERT INTO capacidades VALUES(40, 6, 116.52355990196575);
INSERT INTO capacidades VALUES(40, 7, 15.941017072141378);
INSERT INTO capacidades VALUES(40, 8, 59.07437132573952);
INSERT INTO capacidades VALUES(40, 9, 73.88774224545979);
INSERT INTO capacidades VALUES(40, 10, 29.087805716957718);
INSERT INTO capacidades VALUES(40, 11, 45.216432535047744);
INSERT INTO capacidades VALUES(40, 12, 50.949129588472985);
INSERT INTO capacidades VALUES(40, 13, 64.45545103910516);
INSERT INTO capacidades VALUES(40, 14, 45.45315157402705);
INSERT INTO capacidades VALUES(40, 15, 50.02235146925925);
INSERT INTO capacidades VALUES(40, 16, 56.83127543802112);
INSERT INTO capacidades VALUES(40, 17, 7.528684203681763);
INSERT INTO capacidades VALUES(40, 18, 40.80105844174588);
INSERT INTO capacidades VALUES(40, 19, 73.59752107132027);
INSERT INTO capacidades VALUES(40, 20, 56.238191816435226);
INSERT INTO capacidades VALUES(41, 1, 58.63059642509574);
INSERT INTO capacidades VALUES(41, 2, 34.422489974343726);
INSERT INTO capacidades VALUES(41, 3, 43.56617652752231);
INSERT INTO capacidades VALUES(41, 4, 45.56732368844718);
INSERT INTO capacidades VALUES(41, 5, 29.94178913632729);
INSERT INTO capacidades VALUES(41, 6, 7.1365728092108185);
INSERT INTO capacidades VALUES(41, 7, 73.54179010186773);
INSERT INTO capacidades VALUES(41, 8, 35.93149610193696);
INSERT INTO capacidades VALUES(41, 9, 59.791830161543004);
INSERT INTO capacidades VALUES(41, 10, 50.99483619044504);
INSERT INTO capacidades VALUES(41, 11, 53.109253447384084);
INSERT INTO capacidades VALUES(41, 12, 45.95491551907617);
INSERT INTO capacidades VALUES(41, 13, 10.99494812201283);
INSERT INTO capacidades VALUES(41, 14, 40.27690680094406);
INSERT INTO capacidades VALUES(41, 15, 58.94189097837554);
INSERT INTO capacidades VALUES(41, 16, 14.438075174523128);
INSERT INTO capacidades VALUES(41, 17, 36.44347691826671);
INSERT INTO capacidades VALUES(41, 18, 87.42945739186092);
INSERT INTO capacidades VALUES(41, 19, 39.74898004378581);
INSERT INTO capacidades VALUES(41, 20, 30.13797950798363);
INSERT INTO capacidades VALUES(42, 1, 42.088212492449216);
INSERT INTO capacidades VALUES(42, 2, 52.82577245306294);
INSERT INTO capacidades VALUES(42, 3, 113.1017329526783);
INSERT INTO capacidades VALUES(42, 4, 25.584304857299177);
INSERT INTO capacidades VALUES(42, 5, 71.82077295705417);
INSERT INTO capacidades VALUES(42, 6, 37.85366121103549);
INSERT INTO capacidades VALUES(42, 7, 65.7669815385164);
INSERT INTO capacidades VALUES(42, 8, 29.382900926894607);
INSERT INTO capacidades VALUES(42, 9, 9.293156422252025);
INSERT INTO capacidades VALUES(42, 10, 23.404742407482765);
INSERT INTO capacidades VALUES(42, 11, 66.19529671835015);
INSERT INTO capacidades VALUES(42, 12, 59.778890772407);
INSERT INTO capacidades VALUES(42, 13, 43.18941460463163);
INSERT INTO capacidades VALUES(42, 14, 31.368004300512606);
INSERT INTO capacidades VALUES(42, 15, 58.801050268751524);
INSERT INTO capacidades VALUES(42, 16, 46.200386195327866);
INSERT INTO capacidades VALUES(42, 17, 74.76504845532294);
INSERT INTO capacidades VALUES(42, 18, 45.18077180795897);
INSERT INTO capacidades VALUES(42, 19, 22.072810085481965);
INSERT INTO capacidades VALUES(42, 20, 45.91401408552453);
INSERT INTO capacidades VALUES(43, 1, 58.190289792579655);
INSERT INTO capacidades VALUES(43, 2, 46.41657717592045);
INSERT INTO capacidades VALUES(43, 3, 27.31820372430147);
INSERT INTO capacidades VALUES(43, 4, 63.91811486176482);
INSERT INTO capacidades VALUES(43, 5, 49.85771502916793);
INSERT INTO capacidades VALUES(43, 6, 91.14952439535601);
INSERT INTO capacidades VALUES(43, 7, 88.88448284245503);
INSERT INTO capacidades VALUES(43, 8, 22.031448565353625);
INSERT INTO capacidades VALUES(43, 9, 40.068057751993265);
INSERT INTO capacidades VALUES(43, 10, 45.77797503813324);
INSERT INTO capacidades VALUES(43, 11, 33.85883209488496);
INSERT INTO capacidades VALUES(43, 12, 50.70659730039177);
INSERT INTO capacidades VALUES(43, 13, 27.23130622223222);
INSERT INTO capacidades VALUES(43, 14, 43.921111629611104);
INSERT INTO capacidades VALUES(43, 15, 31.608915931545);
INSERT INTO capacidades VALUES(43, 16, 32.212567462781735);
INSERT INTO capacidades VALUES(43, 17, 51.97059870618322);
INSERT INTO capacidades VALUES(43, 18, 67.31224368646191);
INSERT INTO capacidades VALUES(43, 19, 50.5894230966606);
INSERT INTO capacidades VALUES(43, 20, 42.589713797491726);
INSERT INTO capacidades VALUES(44, 1, 54.36462494070754);
INSERT INTO capacidades VALUES(44, 2, 22.132458118938736);
INSERT INTO capacidades VALUES(44, 3, 74.76181249448065);
INSERT INTO capacidades VALUES(44, 4, 23.535413493879187);
INSERT INTO capacidades VALUES(44, 5, 56.86247970756705);
INSERT INTO capacidades VALUES(44, 6, 45.310893082608764);
INSERT INTO capacidades VALUES(44, 7, 16.89079070956945);
INSERT INTO capacidades VALUES(44, 8, 51.190234232043096);
INSERT INTO capacidades VALUES(44, 9, 117.67028487014558);
INSERT INTO capacidades VALUES(44, 10, 71.0526291789959);
INSERT INTO capacidades VALUES(44, 11, 72.46887755797344);
INSERT INTO capacidades VALUES(44, 12, 59.28731225436198);
INSERT INTO capacidades VALUES(44, 13, 88.36969244676791);
INSERT INTO capacidades VALUES(44, 14, 12.490727454169225);
INSERT INTO capacidades VALUES(44, 15, 48.08067546306891);
INSERT INTO capacidades VALUES(44, 16, 74.45594014351212);
INSERT INTO capacidades VALUES(44, 17, 36.287690035434);
INSERT INTO capacidades VALUES(44, 18, 35.75044432048363);
INSERT INTO capacidades VALUES(44, 19, 47.05712083262989);
INSERT INTO capacidades VALUES(44, 20, 44.148431521377994);
INSERT INTO capacidades VALUES(45, 1, 28.38911624442804);
INSERT INTO capacidades VALUES(45, 2, 38.92997519601576);
INSERT INTO capacidades VALUES(45, 3, 48.92712120151541);
INSERT INTO capacidades VALUES(45, 4, 82.10732058913095);
INSERT INTO capacidades VALUES(45, 5, 63.62990582014797);
INSERT INTO capacidades VALUES(45, 6, 33.04515176712114);
INSERT INTO capacidades VALUES(45, 7, 72.34480389527107);
INSERT INTO capacidades VALUES(45, 8, 71.69308729015236);
INSERT INTO capacidades VALUES(45, 9, 53.9604504353361);
INSERT INTO capacidades VALUES(45, 10, 18.783262423278845);
INSERT INTO capacidades VALUES(45, 11, 71.404686259945);
INSERT INTO capacidades VALUES(45, 12, 39.05663278900954);
INSERT INTO capacidades VALUES(45, 13, 37.83080731328305);
INSERT INTO capacidades VALUES(45, 14, 112.08056992372374);
INSERT INTO capacidades VALUES(45, 15, 36.83729851054519);
INSERT INTO capacidades VALUES(45, 16, 64.8141933631236);
INSERT INTO capacidades VALUES(45, 17, 15.92248346001486);
INSERT INTO capacidades VALUES(45, 18, 84.82761240649418);
INSERT INTO capacidades VALUES(45, 19, 74.31362289260223);
INSERT INTO capacidades VALUES(45, 20, 45.26630413760453);
INSERT INTO capacidades VALUES(46, 1, 57.901435283240986);
INSERT INTO capacidades VALUES(46, 2, 42.90345512478457);
INSERT INTO capacidades VALUES(46, 3, 32.730674810227924);
INSERT INTO capacidades VALUES(46, 4, 77.21965529514941);
INSERT INTO capacidades VALUES(46, 5, 91.240414216913);
INSERT INTO capacidades VALUES(46, 6, 70.69136710955601);
INSERT INTO capacidades VALUES(46, 7, 72.0736329356493);
INSERT INTO capacidades VALUES(46, 8, 43.650961573586635);
INSERT INTO capacidades VALUES(46, 9, 63.1924677773838);
INSERT INTO capacidades VALUES(46, 10, 22.921399574729584);
INSERT INTO capacidades VALUES(46, 11, 45.30355041964632);
INSERT INTO capacidades VALUES(46, 12, 87.48910452477651);
INSERT INTO capacidades VALUES(46, 13, 45.41077799255639);
INSERT INTO capacidades VALUES(46, 14, 31.360740620755976);
INSERT INTO capacidades VALUES(46, 15, 68.27868143532702);
INSERT INTO capacidades VALUES(46, 16, 44.37376864191293);
INSERT INTO capacidades VALUES(46, 17, 0.4810960638754267);
INSERT INTO capacidades VALUES(46, 18, 78.48402173259791);
INSERT INTO capacidades VALUES(46, 19, 41.63732105742248);
INSERT INTO capacidades VALUES(46, 20, 53.0631743852475);
INSERT INTO capacidades VALUES(47, 1, 37.154660925422235);
INSERT INTO capacidades VALUES(47, 2, 59.11218743442839);
INSERT INTO capacidades VALUES(47, 3, 53.94966034931952);
INSERT INTO capacidades VALUES(47, 4, 72.60814367439721);
INSERT INTO capacidades VALUES(47, 5, 52.49614196328002);
INSERT INTO capacidades VALUES(47, 6, 20.02787858665101);
INSERT INTO capacidades VALUES(47, 7, 24.45744759381642);
INSERT INTO capacidades VALUES(47, 8, 55.25191647546575);
INSERT INTO capacidades VALUES(47, 9, 19.612282520052183);
INSERT INTO capacidades VALUES(47, 10, 98.4783822693118);
INSERT INTO capacidades VALUES(47, 11, 51.41361511429239);
INSERT INTO capacidades VALUES(47, 12, 87.89706129108083);
INSERT INTO capacidades VALUES(47, 13, 12.250756670336223);
INSERT INTO capacidades VALUES(47, 14, 45.96185220369693);
INSERT INTO capacidades VALUES(47, 15, 46.63011883602681);
INSERT INTO capacidades VALUES(47, 16, 67.78169263406966);
INSERT INTO capacidades VALUES(47, 17, 83.27574976153883);
INSERT INTO capacidades VALUES(47, 18, 5.122876543039922);
INSERT INTO capacidades VALUES(47, 19, 81.17985138274715);
INSERT INTO capacidades VALUES(47, 20, 50.43454703128058);
INSERT INTO capacidades VALUES(48, 1, 64.07412659862317);
INSERT INTO capacidades VALUES(48, 2, 35.4279452330219);
INSERT INTO capacidades VALUES(48, 3, 27.544028098225226);
INSERT INTO capacidades VALUES(48, 4, 16.637149161390596);
INSERT INTO capacidades VALUES(48, 5, 49.518457781810675);
INSERT INTO capacidades VALUES(48, 6, 71.73456254871026);
INSERT INTO capacidades VALUES(48, 7, 23.39175638557984);
INSERT INTO capacidades VALUES(48, 8, 58.58716980138491);
INSERT INTO capacidades VALUES(48, 9, 67.07816672514117);
INSERT INTO capacidades VALUES(48, 10, 58.83368891316745);
INSERT INTO capacidades VALUES(48, 11, 53.27382563969322);
INSERT INTO capacidades VALUES(48, 12, 38.94516593161715);
INSERT INTO capacidades VALUES(48, 13, 48.450985818842156);
INSERT INTO capacidades VALUES(48, 14, 45.80563344105572);
INSERT INTO capacidades VALUES(48, 15, 58.53314508428758);
INSERT INTO capacidades VALUES(48, 16, 47.46936487034342);
INSERT INTO capacidades VALUES(48, 17, 57.215905830229644);
INSERT INTO capacidades VALUES(48, 18, 22.330954279042242);
INSERT INTO capacidades VALUES(48, 19, 62.77537530520114);
INSERT INTO capacidades VALUES(48, 20, 71.49687387752728);
INSERT INTO capacidades VALUES(49, 1, 60.117325669386155);
INSERT INTO capacidades VALUES(49, 2, 21.0261259720031);
INSERT INTO capacidades VALUES(49, 3, 55.591564631408176);
INSERT INTO capacidades VALUES(49, 4, 5.8148416410895365);
INSERT INTO capacidades VALUES(49, 5, 66.64022783108038);
INSERT INTO capacidades VALUES(49, 6, 95.77454020559125);
INSERT INTO capacidades VALUES(49, 7, 0.18570310333925022);
INSERT INTO capacidades VALUES(49, 8, 87.4897632308243);
INSERT INTO capacidades VALUES(49, 9, 60.361579939304434);
INSERT INTO capacidades VALUES(49, 10, 28.969327910269804);
INSERT INTO capacidades VALUES(49, 11, 91.77265168798134);
INSERT INTO capacidades VALUES(49, 12, 55.13249923200763);
INSERT INTO capacidades VALUES(49, 13, 52.405587307716736);
INSERT INTO capacidades VALUES(49, 14, 33.18180059438174);
INSERT INTO capacidades VALUES(49, 15, 40.22140687498232);
INSERT INTO capacidades VALUES(49, 16, 72.05543302383573);
INSERT INTO capacidades VALUES(49, 17, 58.00942753418998);
INSERT INTO capacidades VALUES(49, 18, 54.9337605235319);
INSERT INTO capacidades VALUES(49, 19, 47.28790883661855);
INSERT INTO capacidades VALUES(49, 20, 40.141731742727956);
INSERT INTO capacidades VALUES(50, 1, 24.945654964474866);
INSERT INTO capacidades VALUES(50, 2, 11.996014017179498);
INSERT INTO capacidades VALUES(50, 3, 32.73574020083194);
INSERT INTO capacidades VALUES(50, 4, 43.51711267144161);
INSERT INTO capacidades VALUES(50, 5, 23.267616899991754);
INSERT INTO capacidades VALUES(50, 6, 55.68194727497242);
INSERT INTO capacidades VALUES(50, 7, 17.557517879578818);
INSERT INTO capacidades VALUES(50, 8, 55.47562725550719);
INSERT INTO capacidades VALUES(50, 9, 52.09130433485121);
INSERT INTO capacidades VALUES(50, 10, 42.42696019407546);
INSERT INTO capacidades VALUES(50, 11, 29.33869214034575);
INSERT INTO capacidades VALUES(50, 12, 43.14429917507811);
INSERT INTO capacidades VALUES(50, 13, 36.166722135312064);
INSERT INTO capacidades VALUES(50, 14, 20.05056612330604);
INSERT INTO capacidades VALUES(50, 15, 86.63483142484246);
INSERT INTO capacidades VALUES(50, 16, 70.30132912017922);
INSERT INTO capacidades VALUES(50, 17, 37.771321003470334);
INSERT INTO capacidades VALUES(50, 18, 64.11992884698485);
INSERT INTO capacidades VALUES(50, 19, 17.64681675012661);
INSERT INTO capacidades VALUES(50, 20, 89.85247474566829);
INSERT INTO costos VALUES(1, 1, 76.5827772103189);
INSERT INTO costos VALUES(1, 2, 87.81501628649436);
INSERT INTO costos VALUES(1, 3, 31.759766803818053);
INSERT INTO costos VALUES(1, 4, 105.46284602745177);
INSERT INTO costos VALUES(1, 5, 47.468261071699146);
INSERT INTO costos VALUES(1, 6, 110.4228995060331);
INSERT INTO costos VALUES(1, 7, 41.47657969207459);
INSERT INTO costos VALUES(1, 8, 80.86717021207588);
INSERT INTO costos VALUES(1, 9, 97.75917469227957);
INSERT INTO costos VALUES(1, 10, 152.93901241626264);
INSERT INTO costos VALUES(1, 11, 106.26242937030898);
INSERT INTO costos VALUES(1, 12, 145.93163601967623);
INSERT INTO costos VALUES(1, 13, 114.73202890391079);
INSERT INTO costos VALUES(1, 14, 130.34243739427978);
INSERT INTO costos VALUES(1, 15, 171.33996171619438);
INSERT INTO costos VALUES(1, 16, 106.93537802460548);
INSERT INTO costos VALUES(1, 17, 140.9390255532503);
INSERT INTO costos VALUES(1, 18, 115.73150654676361);
INSERT INTO costos VALUES(1, 19, 75.75590896315013);
INSERT INTO costos VALUES(1, 20, 99.98722938847725);
INSERT INTO costos VALUES(2, 1, 60.49497631724523);
INSERT INTO costos VALUES(2, 2, 31.68520576681935);
INSERT INTO costos VALUES(2, 3, 181.0208115279546);
INSERT INTO costos VALUES(2, 4, 50.11817490739034);
INSERT INTO costos VALUES(2, 5, 101.66585077875177);
INSERT INTO costos VALUES(2, 6, 130.95537909636988);
INSERT INTO costos VALUES(2, 7, 116.47720338890106);
INSERT INTO costos VALUES(2, 8, 32.3557535073285);
INSERT INTO costos VALUES(2, 9, 145.4809143186287);
INSERT INTO costos VALUES(2, 10, 120.4642918517123);
INSERT INTO costos VALUES(2, 11, 117.33432137366525);
INSERT INTO costos VALUES(2, 12, 113.728056279548);
INSERT INTO costos VALUES(2, 13, 122.52710465469661);
INSERT INTO costos VALUES(2, 14, 177.00023455558278);
INSERT INTO costos VALUES(2, 15, 109.5342267953136);
INSERT INTO costos VALUES(2, 16, 16.48821505140161);
INSERT INTO costos VALUES(2, 17, 109.22074951082092);
INSERT INTO costos VALUES(2, 18, 184.37807477185308);
INSERT INTO costos VALUES(2, 19, 102.97398910867258);
INSERT INTO costos VALUES(2, 20, 131.3680307146873);
INSERT INTO costos VALUES(3, 1, 122.40300595966731);
INSERT INTO costos VALUES(3, 2, 87.86712434714886);
INSERT INTO costos VALUES(3, 3, 90.92578888549072);
INSERT INTO costos VALUES(3, 4, 92.04847914823287);
INSERT INTO costos VALUES(3, 5, 19.709078976841894);
INSERT INTO costos VALUES(3, 6, 75.55043929362458);
INSERT INTO costos VALUES(3, 7, 95.30571147722353);
INSERT INTO costos VALUES(3, 8, 151.205293509512);
INSERT INTO costos VALUES(3, 9, 31.075513346084605);
INSERT INTO costos VALUES(3, 10, 108.90746711809561);
INSERT INTO costos VALUES(3, 11, 90.59377745001842);
INSERT INTO costos VALUES(3, 12, 79.03909840844715);
INSERT INTO costos VALUES(3, 13, 116.183108967185);
INSERT INTO costos VALUES(3, 14, 150.5464671426871);
INSERT INTO costos VALUES(3, 15, 109.59092176749155);
INSERT INTO costos VALUES(3, 16, 132.98284807959936);
INSERT INTO costos VALUES(3, 17, 49.10338835901905);
INSERT INTO costos VALUES(3, 18, 67.74025463456036);
INSERT INTO costos VALUES(3, 19, 80.05499601158924);
INSERT INTO costos VALUES(3, 20, 133.7158023490255);
INSERT INTO costos VALUES(4, 1, 10.99325035736274);
INSERT INTO costos VALUES(4, 2, 94.6576290197245);
INSERT INTO costos VALUES(4, 3, 67.3427245956726);
INSERT INTO costos VALUES(4, 4, 128.784525386114);
INSERT INTO costos VALUES(4, 5, 150.37950738714488);
INSERT INTO costos VALUES(4, 6, 167.37595840964846);
INSERT INTO costos VALUES(4, 7, 98.22414658724071);
INSERT INTO costos VALUES(4, 8, 57.724001489239285);
INSERT INTO costos VALUES(4, 9, 115.85083923460165);
INSERT INTO costos VALUES(4, 10, 101.09062916019725);
INSERT INTO costos VALUES(4, 11, 141.2253718863459);
INSERT INTO costos VALUES(4, 12, 196.8824590930372);
INSERT INTO costos VALUES(4, 13, 81.38167045851863);
INSERT INTO costos VALUES(4, 14, 211.32875575562002);
INSERT INTO costos VALUES(4, 15, 46.18680536545477);
INSERT INTO costos VALUES(4, 16, 187.55189304081978);
INSERT INTO costos VALUES(4, 17, 81.22009840844522);
INSERT INTO costos VALUES(4, 18, 67.30568932069932);
INSERT INTO costos VALUES(4, 19, 106.88292672888801);
INSERT INTO costos VALUES(4, 20, 215.35132268315215);
INSERT INTO costos VALUES(5, 1, 104.19840453571535);
INSERT INTO costos VALUES(5, 2, 81.18963326850918);
INSERT INTO costos VALUES(5, 3, 69.76886106237707);
INSERT INTO costos VALUES(5, 4, 140.25663938691798);
INSERT INTO costos VALUES(5, 5, 117.30669438970244);
INSERT INTO costos VALUES(5, 6, 45.62739092969359);
INSERT INTO costos VALUES(5, 7, 93.2988052537515);
INSERT INTO costos VALUES(5, 8, 117.07911058084713);
INSERT INTO costos VALUES(5, 9, 57.08639144518452);
INSERT INTO costos VALUES(5, 10, 105.51797437418568);
INSERT INTO costos VALUES(5, 11, 113.4800682835285);
INSERT INTO costos VALUES(5, 12, 101.37084192960504);
INSERT INTO costos VALUES(5, 13, 29.655922904243766);
INSERT INTO costos VALUES(5, 14, 56.053572768561786);
INSERT INTO costos VALUES(5, 15, 131.81867268444518);
INSERT INTO costos VALUES(5, 16, 189.07394334980057);
INSERT INTO costos VALUES(5, 17, 58.5375199701795);
INSERT INTO costos VALUES(5, 18, 52.79858753765221);
INSERT INTO costos VALUES(5, 19, 78.24555363535332);
INSERT INTO costos VALUES(5, 20, 109.67316309428098);
INSERT INTO costos VALUES(6, 1, 184.09594477747495);
INSERT INTO costos VALUES(6, 2, 82.03246355214448);
INSERT INTO costos VALUES(6, 3, 149.94386302636482);
INSERT INTO costos VALUES(6, 4, 31.59388894047376);
INSERT INTO costos VALUES(6, 5, 112.18119523352698);
INSERT INTO costos VALUES(6, 6, 67.5826446565494);
INSERT INTO costos VALUES(6, 7, 80.44603066622788);
INSERT INTO costos VALUES(6, 8, 105.05623286682504);
INSERT INTO costos VALUES(6, 9, 68.24151104964675);
INSERT INTO costos VALUES(6, 10, 94.91186766956451);
INSERT INTO costos VALUES(6, 11, 128.33598904519624);
INSERT INTO costos VALUES(6, 12, 43.61661142145486);
INSERT INTO costos VALUES(6, 13, 17.61126153363672);
INSERT INTO costos VALUES(6, 14, 72.24554461745934);
INSERT INTO costos VALUES(6, 15, 6.875799594739632);
INSERT INTO costos VALUES(6, 16, 90.78249123261281);
INSERT INTO costos VALUES(6, 17, 76.19167114637604);
INSERT INTO costos VALUES(6, 18, 125.27746911914222);
INSERT INTO costos VALUES(6, 19, 139.45637815274662);
INSERT INTO costos VALUES(6, 20, 106.27421589383246);
INSERT INTO costos VALUES(7, 1, 106.44270160431377);
INSERT INTO costos VALUES(7, 2, 119.77129851229333);
INSERT INTO costos VALUES(7, 3, 102.73035112229155);
INSERT INTO costos VALUES(7, 4, 115.15307573640172);
INSERT INTO costos VALUES(7, 5, 148.6508986205381);
INSERT INTO costos VALUES(7, 6, 66.59224406699437);
INSERT INTO costos VALUES(7, 7, 22.897576610398872);
INSERT INTO costos VALUES(7, 8, 121.83984723949334);
INSERT INTO costos VALUES(7, 9, 150.25499717137478);
INSERT INTO costos VALUES(7, 10, 111.07245332599321);
INSERT INTO costos VALUES(7, 11, 151.94696305031403);
INSERT INTO costos VALUES(7, 12, 98.9151410177355);
INSERT INTO costos VALUES(7, 13, 34.01237660362993);
INSERT INTO costos VALUES(7, 14, 88.64717517130057);
INSERT INTO costos VALUES(7, 15, 98.88261454284773);
INSERT INTO costos VALUES(7, 16, 121.92729793580608);
INSERT INTO costos VALUES(7, 17, 200.95843407898997);
INSERT INTO costos VALUES(7, 18, 198.97785473742982);
INSERT INTO costos VALUES(7, 19, 34.89640687814766);
INSERT INTO costos VALUES(7, 20, 7.066545604829173);
INSERT INTO costos VALUES(8, 1, 136.77266655134474);
INSERT INTO costos VALUES(8, 2, 162.40189576455026);
INSERT INTO costos VALUES(8, 3, 99.67470849609269);
INSERT INTO costos VALUES(8, 4, 114.24045261468373);
INSERT INTO costos VALUES(8, 5, 93.34105058185267);
INSERT INTO costos VALUES(8, 6, 193.58356467278907);
INSERT INTO costos VALUES(8, 7, 147.54112663815644);
INSERT INTO costos VALUES(8, 8, 47.269238935370105);
INSERT INTO costos VALUES(8, 9, 150.94086976340742);
INSERT INTO costos VALUES(8, 10, 55.14455723388411);
INSERT INTO costos VALUES(8, 11, 108.16070673702365);
INSERT INTO costos VALUES(8, 12, 80.53511300978909);
INSERT INTO costos VALUES(8, 13, 21.644026245265806);
INSERT INTO costos VALUES(8, 14, 114.46482997170034);
INSERT INTO costos VALUES(8, 15, 54.81800722418524);
INSERT INTO costos VALUES(8, 16, 46.942658704491656);
INSERT INTO costos VALUES(8, 17, 218.17269313057295);
INSERT INTO costos VALUES(8, 18, 112.03795077778308);
INSERT INTO costos VALUES(8, 19, 108.97433315803728);
INSERT INTO costos VALUES(8, 20, 73.05058604739881);
INSERT INTO costos VALUES(9, 1, 101.44904958215585);
INSERT INTO costos VALUES(9, 2, 52.98451683241676);
INSERT INTO costos VALUES(9, 3, 194.4883260512499);
INSERT INTO costos VALUES(9, 4, 174.2008086899454);
INSERT INTO costos VALUES(9, 5, 74.05877676574352);
INSERT INTO costos VALUES(9, 6, 174.6333558081467);
INSERT INTO costos VALUES(9, 7, 116.19455543757158);
INSERT INTO costos VALUES(9, 8, 168.0442016055232);
INSERT INTO costos VALUES(9, 9, 109.28538588209345);
INSERT INTO costos VALUES(9, 10, 87.41135130545197);
INSERT INTO costos VALUES(9, 11, 136.88633411589097);
INSERT INTO costos VALUES(9, 12, 38.03121219885646);
INSERT INTO costos VALUES(9, 13, 66.18093874361446);
INSERT INTO costos VALUES(9, 14, 102.39179374775111);
INSERT INTO costos VALUES(9, 15, 93.74471338734202);
INSERT INTO costos VALUES(9, 16, 126.0717386535193);
INSERT INTO costos VALUES(9, 17, 177.4250004179456);
INSERT INTO costos VALUES(9, 18, 110.28484256417494);
INSERT INTO costos VALUES(9, 19, 192.56897376195747);
INSERT INTO costos VALUES(9, 20, 92.18083403209098);
INSERT INTO costos VALUES(10, 1, 54.209471965136814);
INSERT INTO costos VALUES(10, 2, 125.58227543553491);
INSERT INTO costos VALUES(10, 3, 137.241138354179);
INSERT INTO costos VALUES(10, 4, 158.51304205805033);
INSERT INTO costos VALUES(10, 5, 84.5462870311449);
INSERT INTO costos VALUES(10, 6, 40.57534757775781);
INSERT INTO costos VALUES(10, 7, 155.5309713710793);
INSERT INTO costos VALUES(10, 8, 186.6457513070695);
INSERT INTO costos VALUES(10, 9, 81.36064247506957);
INSERT INTO costos VALUES(10, 10, 84.72094657501393);
INSERT INTO costos VALUES(10, 11, 42.2662437168492);
INSERT INTO costos VALUES(10, 12, 134.72047599619745);
INSERT INTO costos VALUES(10, 13, 86.5633770382227);
INSERT INTO costos VALUES(10, 14, 122.86474131521487);
INSERT INTO costos VALUES(10, 15, 54.99846787041186);
INSERT INTO costos VALUES(10, 16, 139.6707801709872);
INSERT INTO costos VALUES(10, 17, 31.495163340865375);
INSERT INTO costos VALUES(10, 18, 157.73025562308223);
INSERT INTO costos VALUES(10, 19, 102.61336876700791);
INSERT INTO costos VALUES(10, 20, 89.43181133238086);
INSERT INTO costos VALUES(11, 1, 36.35791760157082);
INSERT INTO costos VALUES(11, 2, 103.86271475618386);
INSERT INTO costos VALUES(11, 3, 148.27267485554185);
INSERT INTO costos VALUES(11, 4, 64.7338270409879);
INSERT INTO costos VALUES(11, 5, 3.9567334358470987);
INSERT INTO costos VALUES(11, 6, 56.04214238114698);
INSERT INTO costos VALUES(11, 7, 63.32695217618148);
INSERT INTO costos VALUES(11, 8, 98.30592818062972);
INSERT INTO costos VALUES(11, 9, 80.89604635323548);
INSERT INTO costos VALUES(11, 10, 109.77040335343227);
INSERT INTO costos VALUES(11, 11, 84.00275333557934);
INSERT INTO costos VALUES(11, 12, 87.67465620480526);
INSERT INTO costos VALUES(11, 13, 88.69297240599953);
INSERT INTO costos VALUES(11, 14, 89.41167785404784);
INSERT INTO costos VALUES(11, 15, 175.85442988955197);
INSERT INTO costos VALUES(11, 16, 73.02749609161742);
INSERT INTO costos VALUES(11, 17, 85.3351884769193);
INSERT INTO costos VALUES(11, 18, 99.54950947926282);
INSERT INTO costos VALUES(11, 19, 108.06018163170855);
INSERT INTO costos VALUES(11, 20, 125.52779018906449);
INSERT INTO costos VALUES(12, 1, 117.61939785589016);
INSERT INTO costos VALUES(12, 2, 55.15964631843758);
INSERT INTO costos VALUES(12, 3, 108.20534985511944);
INSERT INTO costos VALUES(12, 4, 149.92035286844316);
INSERT INTO costos VALUES(12, 5, 188.28364882536988);
INSERT INTO costos VALUES(12, 6, 137.21595664732865);
INSERT INTO costos VALUES(12, 7, 2.3001952087925304);
INSERT INTO costos VALUES(12, 8, 96.99388256389454);
INSERT INTO costos VALUES(12, 9, 91.43697145166331);
INSERT INTO costos VALUES(12, 10, 158.16568010788438);
INSERT INTO costos VALUES(12, 11, 81.63732792949362);
INSERT INTO costos VALUES(12, 12, 30.571240364897506);
INSERT INTO costos VALUES(12, 13, 68.56426951900023);
INSERT INTO costos VALUES(12, 14, 93.51302648887152);
INSERT INTO costos VALUES(12, 15, 134.84464138496165);
INSERT INTO costos VALUES(12, 16, 83.7397837245253);
INSERT INTO costos VALUES(12, 17, 98.45461555599738);
INSERT INTO costos VALUES(12, 18, 84.93198335448919);
INSERT INTO costos VALUES(12, 19, 101.11767235414698);
INSERT INTO costos VALUES(12, 20, 77.37438211226599);
INSERT INTO costos VALUES(13, 1, 147.67936566896074);
INSERT INTO costos VALUES(13, 2, 106.05376688395945);
INSERT INTO costos VALUES(13, 3, 0.937605992504686);
INSERT INTO costos VALUES(13, 4, 55.70729678779456);
INSERT INTO costos VALUES(13, 5, 38.74280672237781);
INSERT INTO costos VALUES(13, 6, 78.67473015586548);
INSERT INTO costos VALUES(13, 7, 164.73354576402213);
INSERT INTO costos VALUES(13, 8, 127.67379356941281);
INSERT INTO costos VALUES(13, 9, 139.6862473659615);
INSERT INTO costos VALUES(13, 10, 112.5161768516407);
INSERT INTO costos VALUES(13, 11, 101.96433744539921);
INSERT INTO costos VALUES(13, 12, 113.77590484243836);
INSERT INTO costos VALUES(13, 13, 157.00787339182108);
INSERT INTO costos VALUES(13, 14, 167.73432628994823);
INSERT INTO costos VALUES(13, 15, 108.22736996338357);
INSERT INTO costos VALUES(13, 16, 83.7684206431521);
INSERT INTO costos VALUES(13, 17, 106.89266461601727);
INSERT INTO costos VALUES(13, 18, 98.66550994345329);
INSERT INTO costos VALUES(13, 19, 104.31856424847071);
INSERT INTO costos VALUES(13, 20, 79.79443266577972);
INSERT INTO costos VALUES(14, 1, 103.04946471016837);
INSERT INTO costos VALUES(14, 2, 101.1738209011994);
INSERT INTO costos VALUES(14, 3, 140.95010654133753);
INSERT INTO costos VALUES(14, 4, 70.05671945829368);
INSERT INTO costos VALUES(14, 5, 92.87291872269692);
INSERT INTO costos VALUES(14, 6, 48.297457259996776);
INSERT INTO costos VALUES(14, 7, 142.89168434949664);
INSERT INTO costos VALUES(14, 8, 189.73233637308303);
INSERT INTO costos VALUES(14, 9, 102.49517110433241);
INSERT INTO costos VALUES(14, 10, 122.43117558317137);
INSERT INTO costos VALUES(14, 11, 167.30326393997004);
INSERT INTO costos VALUES(14, 12, 67.26582728129381);
INSERT INTO costos VALUES(14, 13, 128.14925086148787);
INSERT INTO costos VALUES(14, 14, 75.52750003207453);
INSERT INTO costos VALUES(14, 15, 142.43123492788632);
INSERT INTO costos VALUES(14, 16, 84.89798534901568);
INSERT INTO costos VALUES(14, 17, 145.0282303721229);
INSERT INTO costos VALUES(14, 18, 175.67481327246384);
INSERT INTO costos VALUES(14, 19, 131.89799450448044);
INSERT INTO costos VALUES(14, 20, 29.397743774499347);
INSERT INTO costos VALUES(15, 1, 124.19212541351847);
INSERT INTO costos VALUES(15, 2, 59.31452556165932);
INSERT INTO costos VALUES(15, 3, 184.53594908281477);
INSERT INTO costos VALUES(15, 4, 41.15589742750162);
INSERT INTO costos VALUES(15, 5, 40.3782155594508);
INSERT INTO costos VALUES(15, 6, 65.91848016042107);
INSERT INTO costos VALUES(15, 7, 146.82294151774494);
INSERT INTO costos VALUES(15, 8, 131.6058906447634);
INSERT INTO costos VALUES(15, 9, 126.53505816837847);
INSERT INTO costos VALUES(15, 10, 6.342260227960068);
INSERT INTO costos VALUES(15, 11, 123.76175398321085);
INSERT INTO costos VALUES(15, 12, 125.25193126121292);
INSERT INTO costos VALUES(15, 13, 106.75129907135664);
INSERT INTO costos VALUES(15, 14, 52.33009601517386);
INSERT INTO costos VALUES(15, 15, 135.25683834681706);
INSERT INTO costos VALUES(15, 16, 161.8357180382254);
INSERT INTO costos VALUES(15, 17, 144.79325392805976);
INSERT INTO costos VALUES(15, 18, 181.31135450545054);
INSERT INTO costos VALUES(15, 19, 4.444911183538551);
INSERT INTO costos VALUES(15, 20, 0.09651037357771486);
INSERT INTO costos VALUES(16, 1, 126.72544691648245);
INSERT INTO costos VALUES(16, 2, 12.623080812243956);
INSERT INTO costos VALUES(16, 3, 71.08767929898143);
INSERT INTO costos VALUES(16, 4, 144.50348044957315);
INSERT INTO costos VALUES(16, 5, 174.7895630450546);
INSERT INTO costos VALUES(16, 6, 39.04785735537683);
INSERT INTO costos VALUES(16, 7, 171.52932042533791);
INSERT INTO costos VALUES(16, 8, 29.00078843200319);
INSERT INTO costos VALUES(16, 9, 64.98596139692697);
INSERT INTO costos VALUES(16, 10, 74.73331855049301);
INSERT INTO costos VALUES(16, 11, 50.2759497115242);
INSERT INTO costos VALUES(16, 12, 88.10136127135941);
INSERT INTO costos VALUES(16, 13, 76.8384290317639);
INSERT INTO costos VALUES(16, 14, 115.1917839462398);
INSERT INTO costos VALUES(16, 15, 72.78397220607036);
INSERT INTO costos VALUES(16, 16, 110.95296015357252);
INSERT INTO costos VALUES(16, 17, 30.153577635181122);
INSERT INTO costos VALUES(16, 18, 80.67616891129083);
INSERT INTO costos VALUES(16, 19, 121.6906786954863);
INSERT INTO costos VALUES(16, 20, 164.64003352652355);
INSERT INTO costos VALUES(17, 1, 71.95776001795971);
INSERT INTO costos VALUES(17, 2, 112.1003919411692);
INSERT INTO costos VALUES(17, 3, 36.92750115739829);
INSERT INTO costos VALUES(17, 4, 75.6559563622329);
INSERT INTO costos VALUES(17, 5, 83.94786686927108);
INSERT INTO costos VALUES(17, 6, 55.02224273562495);
INSERT INTO costos VALUES(17, 7, 152.65435005425175);
INSERT INTO costos VALUES(17, 8, 74.46739913289329);
INSERT INTO costos VALUES(17, 9, 128.3648690858138);
INSERT INTO costos VALUES(17, 10, 110.21164924434684);
INSERT INTO costos VALUES(17, 11, 175.38779400668267);
INSERT INTO costos VALUES(17, 12, 36.69793837463888);
INSERT INTO costos VALUES(17, 13, 55.15399225840248);
INSERT INTO costos VALUES(17, 14, 39.79653679307199);
INSERT INTO costos VALUES(17, 15, 49.76560367496153);
INSERT INTO costos VALUES(17, 16, 137.7828488346618);
INSERT INTO costos VALUES(17, 17, 137.94286268593095);
INSERT INTO costos VALUES(17, 18, 150.78373717808145);
INSERT INTO costos VALUES(17, 19, 116.09792474058494);
INSERT INTO costos VALUES(17, 20, 87.6821732724101);
INSERT INTO costos VALUES(18, 1, 103.79876783034976);
INSERT INTO costos VALUES(18, 2, 122.94148121885108);
INSERT INTO costos VALUES(18, 3, 167.82647638069244);
INSERT INTO costos VALUES(18, 4, 107.8534875692799);
INSERT INTO costos VALUES(18, 5, 127.65668118588613);
INSERT INTO costos VALUES(18, 6, 115.70238941983422);
INSERT INTO costos VALUES(18, 7, 160.70434525714813);
INSERT INTO costos VALUES(18, 8, 102.34123306586332);
INSERT INTO costos VALUES(18, 9, 141.98396879962064);
INSERT INTO costos VALUES(18, 10, 30.562032390877363);
INSERT INTO costos VALUES(18, 11, 147.51202206307929);
INSERT INTO costos VALUES(18, 12, 116.95606468513151);
INSERT INTO costos VALUES(18, 13, 146.82048511938103);
INSERT INTO costos VALUES(18, 14, 69.30773723459033);
INSERT INTO costos VALUES(18, 15, 100.72689642840359);
INSERT INTO costos VALUES(18, 16, 116.62741944960646);
INSERT INTO costos VALUES(18, 17, 55.10886407070434);
INSERT INTO costos VALUES(18, 18, 106.9611377501053);
INSERT INTO costos VALUES(18, 19, 104.94837704541769);
INSERT INTO costos VALUES(18, 20, 85.02582165628041);
INSERT INTO costos VALUES(19, 1, 72.46826080254702);
INSERT INTO costos VALUES(19, 2, 139.87831165498812);
INSERT INTO costos VALUES(19, 3, 72.03899864896836);
INSERT INTO costos VALUES(19, 4, 117.16305569605535);
INSERT INTO costos VALUES(19, 5, 60.667101407773416);
INSERT INTO costos VALUES(19, 6, 87.69992948344722);
INSERT INTO costos VALUES(19, 7, 41.43496255221909);
INSERT INTO costos VALUES(19, 8, 96.93858125554362);
INSERT INTO costos VALUES(19, 9, 131.66333816559785);
INSERT INTO costos VALUES(19, 10, 138.60982266984283);
INSERT INTO costos VALUES(19, 11, 95.90469852021592);
INSERT INTO costos VALUES(19, 12, 60.78237769380164);
INSERT INTO costos VALUES(19, 13, 82.23293838605518);
INSERT INTO costos VALUES(19, 14, 68.47415647140576);
INSERT INTO costos VALUES(19, 15, 103.17371096992976);
INSERT INTO costos VALUES(19, 16, 105.33999613533172);
INSERT INTO costos VALUES(19, 17, 57.15970077064481);
INSERT INTO costos VALUES(19, 18, 47.76592918059993);
INSERT INTO costos VALUES(19, 19, 92.33902130388458);
INSERT INTO costos VALUES(19, 20, 101.50675584274464);
INSERT INTO costos VALUES(20, 1, 32.68702075729591);
INSERT INTO costos VALUES(20, 2, 101.9776093049252);
INSERT INTO costos VALUES(20, 3, 82.78757020408707);
INSERT INTO costos VALUES(20, 4, 67.07786298128534);
INSERT INTO costos VALUES(20, 5, 33.21022304670986);
INSERT INTO costos VALUES(20, 6, 60.830351597771575);
INSERT INTO costos VALUES(20, 7, 147.14709005039853);
INSERT INTO costos VALUES(20, 8, 129.2979173993695);
INSERT INTO costos VALUES(20, 9, 132.96377404899795);
INSERT INTO costos VALUES(20, 10, 95.41281123607783);
INSERT INTO costos VALUES(20, 11, 162.4897938887821);
INSERT INTO costos VALUES(20, 12, 204.2187517385081);
INSERT INTO costos VALUES(20, 13, 108.74700367931459);
INSERT INTO costos VALUES(20, 14, 93.67720573755429);
INSERT INTO costos VALUES(20, 15, 29.70169890074925);
INSERT INTO costos VALUES(20, 16, 119.5869587807948);
INSERT INTO costos VALUES(20, 17, 88.05046914297678);
INSERT INTO costos VALUES(20, 18, 166.38431481557646);
INSERT INTO costos VALUES(20, 19, 99.27171309384201);
INSERT INTO costos VALUES(20, 20, 103.79441505453893);
INSERT INTO costos VALUES(21, 1, 109.38924853924345);
INSERT INTO costos VALUES(21, 2, 131.4389939494462);
INSERT INTO costos VALUES(21, 3, 100.00646024180627);
INSERT INTO costos VALUES(21, 4, 52.58353533152229);
INSERT INTO costos VALUES(21, 5, 147.9940144502553);
INSERT INTO costos VALUES(21, 6, 24.567226296646183);
INSERT INTO costos VALUES(21, 7, 223.08899324624832);
INSERT INTO costos VALUES(21, 8, 93.85858826006599);
INSERT INTO costos VALUES(21, 9, 72.04849908090954);
INSERT INTO costos VALUES(21, 10, 103.33541440136577);
INSERT INTO costos VALUES(21, 11, 80.76486329134619);
INSERT INTO costos VALUES(21, 12, 146.69707194663528);
INSERT INTO costos VALUES(21, 13, 146.4700491108954);
INSERT INTO costos VALUES(21, 14, 162.56689010025954);
INSERT INTO costos VALUES(21, 15, 132.57224240350135);
INSERT INTO costos VALUES(21, 16, 100.4560623194742);
INSERT INTO costos VALUES(21, 17, 185.32397539413677);
INSERT INTO costos VALUES(21, 18, 32.41467107790592);
INSERT INTO costos VALUES(21, 19, 134.8094627522576);
INSERT INTO costos VALUES(21, 20, 134.5120000885113);
INSERT INTO costos VALUES(22, 1, 49.410541837810214);
INSERT INTO costos VALUES(22, 2, 116.38456701007864);
INSERT INTO costos VALUES(22, 3, 66.34813542597138);
INSERT INTO costos VALUES(22, 4, 133.21455110336683);
INSERT INTO costos VALUES(22, 5, 120.29673399821884);
INSERT INTO costos VALUES(22, 6, 185.06012546824164);
INSERT INTO costos VALUES(22, 7, 104.36856114760262);
INSERT INTO costos VALUES(22, 8, 61.40752433011975);
INSERT INTO costos VALUES(22, 9, 111.97380369610997);
INSERT INTO costos VALUES(22, 10, 91.52625830059428);
INSERT INTO costos VALUES(22, 11, 108.68981149374447);
INSERT INTO costos VALUES(22, 12, 150.86448476562936);
INSERT INTO costos VALUES(22, 13, 185.11772052202946);
INSERT INTO costos VALUES(22, 14, 63.42327093999746);
INSERT INTO costos VALUES(22, 15, 167.046350974552);
INSERT INTO costos VALUES(22, 16, 119.21185554269312);
INSERT INTO costos VALUES(22, 17, 18.753704384684625);
INSERT INTO costos VALUES(22, 18, 97.77637033794367);
INSERT INTO costos VALUES(22, 19, 113.93369289729273);
INSERT INTO costos VALUES(22, 20, 97.12361986639283);
INSERT INTO costos VALUES(23, 1, 44.32582181983007);
INSERT INTO costos VALUES(23, 2, 86.00671001268512);
INSERT INTO costos VALUES(23, 3, 164.8989775742943);
INSERT INTO costos VALUES(23, 4, 135.48043453738853);
INSERT INTO costos VALUES(23, 5, 155.1714523079204);
INSERT INTO costos VALUES(23, 6, 158.12822649331486);
INSERT INTO costos VALUES(23, 7, 122.77797959969514);
INSERT INTO costos VALUES(23, 8, 106.1745880123814);
INSERT INTO costos VALUES(23, 9, 48.617401860820074);
INSERT INTO costos VALUES(23, 10, 47.46592571494488);
INSERT INTO costos VALUES(23, 11, 153.93298382869682);
INSERT INTO costos VALUES(23, 12, 110.68929493988212);
INSERT INTO costos VALUES(23, 13, 86.22985674210685);
INSERT INTO costos VALUES(23, 14, 53.73099600528753);
INSERT INTO costos VALUES(23, 15, 187.61297207738994);
INSERT INTO costos VALUES(23, 16, 140.98013402322545);
INSERT INTO costos VALUES(23, 17, 95.36068638784451);
INSERT INTO costos VALUES(23, 18, 166.86915322094882);
INSERT INTO costos VALUES(23, 19, 28.411741631712886);
INSERT INTO costos VALUES(23, 20, 161.60206394214327);
INSERT INTO costos VALUES(24, 1, 71.58665212089753);
INSERT INTO costos VALUES(24, 2, 16.510700157262917);
INSERT INTO costos VALUES(24, 3, 66.21477751484812);
INSERT INTO costos VALUES(24, 4, 36.7429790766795);
INSERT INTO costos VALUES(24, 5, 117.23653967748545);
INSERT INTO costos VALUES(24, 6, 99.04546147650815);
INSERT INTO costos VALUES(24, 7, 126.67838229221084);
INSERT INTO costos VALUES(24, 8, 149.7195540593304);
INSERT INTO costos VALUES(24, 9, 171.92053180596514);
INSERT INTO costos VALUES(24, 10, 115.26610138822693);
INSERT INTO costos VALUES(24, 11, 68.72402452963968);
INSERT INTO costos VALUES(24, 12, 187.34406381755326);
INSERT INTO costos VALUES(24, 13, 165.12222158663693);
INSERT INTO costos VALUES(24, 14, 133.865779668243);
INSERT INTO costos VALUES(24, 15, 120.68287640089477);
INSERT INTO costos VALUES(24, 16, 55.613755051797234);
INSERT INTO costos VALUES(24, 17, 157.9883069810852);
INSERT INTO costos VALUES(24, 18, 152.9391495275209);
INSERT INTO costos VALUES(24, 19, 57.989974725730654);
INSERT INTO costos VALUES(24, 20, 108.93500669414443);
INSERT INTO costos VALUES(25, 1, 36.40287527653042);
INSERT INTO costos VALUES(25, 2, 89.26048213727356);
INSERT INTO costos VALUES(25, 3, 0.26454369812284995);
INSERT INTO costos VALUES(25, 4, 61.67226564609242);
INSERT INTO costos VALUES(25, 5, 131.86101313908398);
INSERT INTO costos VALUES(25, 6, 169.04838044983495);
INSERT INTO costos VALUES(25, 7, 150.79717783777224);
INSERT INTO costos VALUES(25, 8, 124.2278438396793);
INSERT INTO costos VALUES(25, 9, 132.05111070802408);
INSERT INTO costos VALUES(25, 10, 47.29125441499673);
INSERT INTO costos VALUES(25, 11, 146.78848849994418);
INSERT INTO costos VALUES(25, 12, 174.40476082941885);
INSERT INTO costos VALUES(25, 13, 115.29562026608991);
INSERT INTO costos VALUES(25, 14, 56.26956903661136);
INSERT INTO costos VALUES(25, 15, 106.88668071509828);
INSERT INTO costos VALUES(25, 16, 50.42597843472685);
INSERT INTO costos VALUES(25, 17, 174.35872477148018);
INSERT INTO costos VALUES(25, 18, 14.109384634231944);
INSERT INTO costos VALUES(25, 19, 50.43521269563853);
INSERT INTO costos VALUES(25, 20, 111.78149239217933);
INSERT INTO costos VALUES(26, 1, 54.23029939536186);
INSERT INTO costos VALUES(26, 2, 79.6164213873171);
INSERT INTO costos VALUES(26, 3, 98.8428802979698);
INSERT INTO costos VALUES(26, 4, 2.8417094807394534);
INSERT INTO costos VALUES(26, 5, 72.56145073152926);
INSERT INTO costos VALUES(26, 6, 155.3774125779366);
INSERT INTO costos VALUES(26, 7, 65.4854215948662);
INSERT INTO costos VALUES(26, 8, 106.21920851149);
INSERT INTO costos VALUES(26, 9, 74.03418767005766);
INSERT INTO costos VALUES(26, 10, 113.92721188811026);
INSERT INTO costos VALUES(26, 11, 91.67157052265821);
INSERT INTO costos VALUES(26, 12, 82.34159955044043);
INSERT INTO costos VALUES(26, 13, 77.6174812441511);
INSERT INTO costos VALUES(26, 14, 59.639591579800936);
INSERT INTO costos VALUES(26, 15, 105.17373856708524);
INSERT INTO costos VALUES(26, 16, 148.02746292096276);
INSERT INTO costos VALUES(26, 17, 78.26921589357003);
INSERT INTO costos VALUES(26, 18, 119.32270046182987);
INSERT INTO costos VALUES(26, 19, 13.704485661494871);
INSERT INTO costos VALUES(26, 20, 42.476856679771814);
INSERT INTO costos VALUES(27, 1, 9.372609980991342);
INSERT INTO costos VALUES(27, 2, 170.811991617873);
INSERT INTO costos VALUES(27, 3, 167.55621807808464);
INSERT INTO costos VALUES(27, 4, 122.27909093463516);
INSERT INTO costos VALUES(27, 5, 110.76110545081349);
INSERT INTO costos VALUES(27, 6, 39.75528370190523);
INSERT INTO costos VALUES(27, 7, 4.268066956808468);
INSERT INTO costos VALUES(27, 8, 207.0331291697671);
INSERT INTO costos VALUES(27, 9, 126.3758582311862);
INSERT INTO costos VALUES(27, 10, 72.03565511116874);
INSERT INTO costos VALUES(27, 11, 90.25496752543734);
INSERT INTO costos VALUES(27, 12, 18.576279891524393);
INSERT INTO costos VALUES(27, 13, 49.30799138838752);
INSERT INTO costos VALUES(27, 14, 43.00453901166856);
INSERT INTO costos VALUES(27, 15, 24.271451493669943);
INSERT INTO costos VALUES(27, 16, 124.86151301804765);
INSERT INTO costos VALUES(27, 17, 111.75535708089069);
INSERT INTO costos VALUES(27, 18, 160.42094757978407);
INSERT INTO costos VALUES(27, 19, 156.9345948394432);
INSERT INTO costos VALUES(27, 20, 100.02234891055738);
INSERT INTO costos VALUES(28, 1, 45.300328890715804);
INSERT INTO costos VALUES(28, 2, 153.84358314844917);
INSERT INTO costos VALUES(28, 3, 149.96296926363175);
INSERT INTO costos VALUES(28, 4, 159.8439925267454);
INSERT INTO costos VALUES(28, 5, 175.41334218209343);
INSERT INTO costos VALUES(28, 6, 122.55697105555325);
INSERT INTO costos VALUES(28, 7, 14.506035137270658);
INSERT INTO costos VALUES(28, 8, 123.58132841399794);
INSERT INTO costos VALUES(28, 9, 63.89233137252419);
INSERT INTO costos VALUES(28, 10, 79.80549438101056);
INSERT INTO costos VALUES(28, 11, 133.93074903420649);
INSERT INTO costos VALUES(28, 12, 0.7538177185735009);
INSERT INTO costos VALUES(28, 13, 54.83579453324298);
INSERT INTO costos VALUES(28, 14, 58.65108672804431);
INSERT INTO costos VALUES(28, 15, 23.015320751032846);
INSERT INTO costos VALUES(28, 16, 152.38209418881556);
INSERT INTO costos VALUES(28, 17, 30.783406662975082);
INSERT INTO costos VALUES(28, 18, 90.70887385087072);
INSERT INTO costos VALUES(28, 19, 64.40647590371091);
INSERT INTO costos VALUES(28, 20, 22.553657222892625);
INSERT INTO costos VALUES(29, 1, 72.75552714824778);
INSERT INTO costos VALUES(29, 2, 89.67831211404143);
INSERT INTO costos VALUES(29, 3, 115.26509854200656);
INSERT INTO costos VALUES(29, 4, 90.64762514915387);
INSERT INTO costos VALUES(29, 5, 92.24011965944807);
INSERT INTO costos VALUES(29, 6, 130.41486278702683);
INSERT INTO costos VALUES(29, 7, 151.00536399093812);
INSERT INTO costos VALUES(29, 8, 106.47583142863616);
INSERT INTO costos VALUES(29, 9, 185.66689787210234);
INSERT INTO costos VALUES(29, 10, 190.18299468472918);
INSERT INTO costos VALUES(29, 11, 115.91532509118721);
INSERT INTO costos VALUES(29, 12, 65.23412712381429);
INSERT INTO costos VALUES(29, 13, 67.81494479270651);
INSERT INTO costos VALUES(29, 14, 73.37621345755163);
INSERT INTO costos VALUES(29, 15, 194.73980289021148);
INSERT INTO costos VALUES(29, 16, 26.17615810957878);
INSERT INTO costos VALUES(29, 17, 103.82062300158519);
INSERT INTO costos VALUES(29, 18, 144.5494388368874);
INSERT INTO costos VALUES(29, 19, 82.49746891507735);
INSERT INTO costos VALUES(29, 20, 109.06480114886533);
INSERT INTO costos VALUES(30, 1, 122.56424653368002);
INSERT INTO costos VALUES(30, 2, 59.06292360790164);
INSERT INTO costos VALUES(30, 3, 56.304170776138875);
INSERT INTO costos VALUES(30, 4, 187.8754716282765);
INSERT INTO costos VALUES(30, 5, 134.77776678915308);
INSERT INTO costos VALUES(30, 6, 130.26433774650684);
INSERT INTO costos VALUES(30, 7, 60.801963765741014);
INSERT INTO costos VALUES(30, 8, 77.01990233705413);
INSERT INTO costos VALUES(30, 9, 162.09043575871885);
INSERT INTO costos VALUES(30, 10, 93.24472221520674);
INSERT INTO costos VALUES(30, 11, 103.88471643716976);
INSERT INTO costos VALUES(30, 12, 81.85404406472571);
INSERT INTO costos VALUES(30, 13, 66.98575286905506);
INSERT INTO costos VALUES(30, 14, 43.13559618201723);
INSERT INTO costos VALUES(30, 15, 128.9955333275806);
INSERT INTO costos VALUES(30, 16, 49.96562041505208);
INSERT INTO costos VALUES(30, 17, 123.7755084494647);
INSERT INTO costos VALUES(30, 18, 5.499417906305553);
INSERT INTO costos VALUES(30, 19, 49.86669034532627);
INSERT INTO costos VALUES(30, 20, 50.62424197805072);
INSERT INTO costos VALUES(31, 1, 91.98463008370646);
INSERT INTO costos VALUES(31, 2, 126.76676754429857);
INSERT INTO costos VALUES(31, 3, 130.34121632237074);
INSERT INTO costos VALUES(31, 4, 53.979661015233475);
INSERT INTO costos VALUES(31, 5, 35.95036128614885);
INSERT INTO costos VALUES(31, 6, 90.85616782102291);
INSERT INTO costos VALUES(31, 7, 138.15837693059908);
INSERT INTO costos VALUES(31, 8, 156.8940735952919);
INSERT INTO costos VALUES(31, 9, 176.30476331740235);
INSERT INTO costos VALUES(31, 10, 83.47156711537811);
INSERT INTO costos VALUES(31, 11, 72.99108773301373);
INSERT INTO costos VALUES(31, 12, 78.67245930368668);
INSERT INTO costos VALUES(31, 13, 183.61305619771434);
INSERT INTO costos VALUES(31, 14, 88.96486283373288);
INSERT INTO costos VALUES(31, 15, 132.33119306260772);
INSERT INTO costos VALUES(31, 16, 70.9152016329659);
INSERT INTO costos VALUES(31, 17, 170.56703818116776);
INSERT INTO costos VALUES(31, 18, 167.36537129125966);
INSERT INTO costos VALUES(31, 19, 9.775860631487575);
INSERT INTO costos VALUES(31, 20, 77.11177863351138);
INSERT INTO costos VALUES(32, 1, 0.07026226303206329);
INSERT INTO costos VALUES(32, 2, 81.14814749694003);
INSERT INTO costos VALUES(32, 3, 127.0119134641626);
INSERT INTO costos VALUES(32, 4, 103.74531857484402);
INSERT INTO costos VALUES(32, 5, 58.714161397114026);
INSERT INTO costos VALUES(32, 6, 56.689439643429104);
INSERT INTO costos VALUES(32, 7, 137.52590350437436);
INSERT INTO costos VALUES(32, 8, 23.884191552891338);
INSERT INTO costos VALUES(32, 9, 92.97071528035865);
INSERT INTO costos VALUES(32, 10, 1.7394649925323904);
INSERT INTO costos VALUES(32, 11, 166.25643194650752);
INSERT INTO costos VALUES(32, 12, 86.05724067613176);
INSERT INTO costos VALUES(32, 13, 141.3436783745428);
INSERT INTO costos VALUES(32, 14, 83.75825467959609);
INSERT INTO costos VALUES(32, 15, 144.37489739236105);
INSERT INTO costos VALUES(32, 16, 119.95079263352108);
INSERT INTO costos VALUES(32, 17, 102.83402899471965);
INSERT INTO costos VALUES(32, 18, 134.65025996281628);
INSERT INTO costos VALUES(32, 19, 178.80298631456083);
INSERT INTO costos VALUES(32, 20, 185.82299027823393);
INSERT INTO costos VALUES(33, 1, 81.44695207063994);
INSERT INTO costos VALUES(33, 2, 106.00012350669911);
INSERT INTO costos VALUES(33, 3, 126.01355028792293);
INSERT INTO costos VALUES(33, 4, 147.28516119185653);
INSERT INTO costos VALUES(33, 5, 102.42820357398939);
INSERT INTO costos VALUES(33, 6, 8.584275630352792);
INSERT INTO costos VALUES(33, 7, 165.94291973181635);
INSERT INTO costos VALUES(33, 8, 40.36350981971404);
INSERT INTO costos VALUES(33, 9, 153.18129729595415);
INSERT INTO costos VALUES(33, 10, 130.68015373746647);
INSERT INTO costos VALUES(33, 11, 76.46634868896771);
INSERT INTO costos VALUES(33, 12, 97.42542000529006);
INSERT INTO costos VALUES(33, 13, 82.83974856686787);
INSERT INTO costos VALUES(33, 14, 37.69404693577529);
INSERT INTO costos VALUES(33, 15, 171.8624271265029);
INSERT INTO costos VALUES(33, 16, 128.6929439186863);
INSERT INTO costos VALUES(33, 17, 26.077737298597498);
INSERT INTO costos VALUES(33, 18, 132.5745322042345);
INSERT INTO costos VALUES(33, 19, 120.89262323408309);
INSERT INTO costos VALUES(33, 20, 85.7338237687328);
INSERT INTO costos VALUES(34, 1, 57.25769079866152);
INSERT INTO costos VALUES(34, 2, 102.3945628254171);
INSERT INTO costos VALUES(34, 3, 40.55910270158595);
INSERT INTO costos VALUES(34, 4, 86.20113765315892);
INSERT INTO costos VALUES(34, 5, 146.1357368875511);
INSERT INTO costos VALUES(34, 6, 98.94935528122042);
INSERT INTO costos VALUES(34, 7, 93.28360808627924);
INSERT INTO costos VALUES(34, 8, 86.40420083409433);
INSERT INTO costos VALUES(34, 9, 68.61049590100879);
INSERT INTO costos VALUES(34, 10, 167.4301992278743);
INSERT INTO costos VALUES(34, 11, 60.78721482244242);
INSERT INTO costos VALUES(34, 12, 197.6102621995596);
INSERT INTO costos VALUES(34, 13, 99.03656951656892);
INSERT INTO costos VALUES(34, 14, 122.51380847404886);
INSERT INTO costos VALUES(34, 15, 80.18236374195783);
INSERT INTO costos VALUES(34, 16, 160.79165906330508);
INSERT INTO costos VALUES(34, 17, 83.05954608920625);
INSERT INTO costos VALUES(34, 18, 21.188683285208327);
INSERT INTO costos VALUES(34, 19, 65.61642837351407);
INSERT INTO costos VALUES(34, 20, 10.96132919320631);
INSERT INTO costos VALUES(35, 1, 139.0911414490066);
INSERT INTO costos VALUES(35, 2, 97.20100615702071);
INSERT INTO costos VALUES(35, 3, 126.41084957487665);
INSERT INTO costos VALUES(35, 4, 100.50514813983827);
INSERT INTO costos VALUES(35, 5, 50.238588510183405);
INSERT INTO costos VALUES(35, 6, 67.68892221319015);
INSERT INTO costos VALUES(35, 7, 181.89052654549448);
INSERT INTO costos VALUES(35, 8, 114.78178406636428);
INSERT INTO costos VALUES(35, 9, 191.90273766163386);
INSERT INTO costos VALUES(35, 10, 162.9646635825215);
INSERT INTO costos VALUES(35, 11, 52.8715099255419);
INSERT INTO costos VALUES(35, 12, 107.38219706500604);
INSERT INTO costos VALUES(35, 13, 109.51943383054494);
INSERT INTO costos VALUES(35, 14, 20.771003281365466);
INSERT INTO costos VALUES(35, 15, 46.76111751392117);
INSERT INTO costos VALUES(35, 16, 137.08882263592338);
INSERT INTO costos VALUES(35, 17, 155.65510406181903);
INSERT INTO costos VALUES(35, 18, 130.42519741352152);
INSERT INTO costos VALUES(35, 19, 104.47055241751357);
INSERT INTO costos VALUES(35, 20, 131.87665383325628);
INSERT INTO costos VALUES(36, 1, 11.76592764535313);
INSERT INTO costos VALUES(36, 2, 84.71936448795297);
INSERT INTO costos VALUES(36, 3, 103.51904028138426);
INSERT INTO costos VALUES(36, 4, 102.13724295558207);
INSERT INTO costos VALUES(36, 5, 163.72028513938966);
INSERT INTO costos VALUES(36, 6, 57.94617998016501);
INSERT INTO costos VALUES(36, 7, 144.0770407151311);
INSERT INTO costos VALUES(36, 8, 83.26433012228895);
INSERT INTO costos VALUES(36, 9, 163.4674548004743);
INSERT INTO costos VALUES(36, 10, 87.50306200797019);
INSERT INTO costos VALUES(36, 11, 170.54953912472183);
INSERT INTO costos VALUES(36, 12, 45.76982577904823);
INSERT INTO costos VALUES(36, 13, 107.7074154604332);
INSERT INTO costos VALUES(36, 14, 34.655672766625685);
INSERT INTO costos VALUES(36, 15, 118.05723031441903);
INSERT INTO costos VALUES(36, 16, 133.853276334809);
INSERT INTO costos VALUES(36, 17, 106.94976350458332);
INSERT INTO costos VALUES(36, 18, 29.542061136823122);
INSERT INTO costos VALUES(36, 19, 129.58633908708117);
INSERT INTO costos VALUES(36, 20, 17.591080968921744);
INSERT INTO costos VALUES(37, 1, 129.66252700955863);
INSERT INTO costos VALUES(37, 2, 87.83620474485414);
INSERT INTO costos VALUES(37, 3, 88.1883588565591);
INSERT INTO costos VALUES(37, 4, 58.562982237738844);
INSERT INTO costos VALUES(37, 5, 160.3909548425068);
INSERT INTO costos VALUES(37, 6, 52.84696823705691);
INSERT INTO costos VALUES(37, 7, 143.93085724804197);
INSERT INTO costos VALUES(37, 8, 84.62778355748408);
INSERT INTO costos VALUES(37, 9, 76.36600289350584);
INSERT INTO costos VALUES(37, 10, 115.12023194668646);
INSERT INTO costos VALUES(37, 11, 118.45432626567953);
INSERT INTO costos VALUES(37, 12, 136.5036527859111);
INSERT INTO costos VALUES(37, 13, 113.7208814177537);
INSERT INTO costos VALUES(37, 14, 136.9106552297713);
INSERT INTO costos VALUES(37, 15, 129.0218867612429);
INSERT INTO costos VALUES(37, 16, 79.68560154098355);
INSERT INTO costos VALUES(37, 17, 115.37859901864904);
INSERT INTO costos VALUES(37, 18, 32.28429248337372);
INSERT INTO costos VALUES(37, 19, 131.76801166803838);
INSERT INTO costos VALUES(37, 20, 159.87562738282833);
INSERT INTO costos VALUES(38, 1, 63.72673824728447);
INSERT INTO costos VALUES(38, 2, 155.75245719535383);
INSERT INTO costos VALUES(38, 3, 118.70793674851697);
INSERT INTO costos VALUES(38, 4, 78.80253676944743);
INSERT INTO costos VALUES(38, 5, 141.93929884965326);
INSERT INTO costos VALUES(38, 6, 96.52816046246232);
INSERT INTO costos VALUES(38, 7, 56.87759579418811);
INSERT INTO costos VALUES(38, 8, 207.527728561539);
INSERT INTO costos VALUES(38, 9, 55.01065552480565);
INSERT INTO costos VALUES(38, 10, 77.1060463718172);
INSERT INTO costos VALUES(38, 11, 176.7556014275395);
INSERT INTO costos VALUES(38, 12, 116.87997518553573);
INSERT INTO costos VALUES(38, 13, 119.3723239661671);
INSERT INTO costos VALUES(38, 14, 67.47192137200355);
INSERT INTO costos VALUES(38, 15, 79.73003386253299);
INSERT INTO costos VALUES(38, 16, 81.60759357400704);
INSERT INTO costos VALUES(38, 17, 47.33971204373818);
INSERT INTO costos VALUES(38, 18, 139.2427705787468);
INSERT INTO costos VALUES(38, 19, 127.8040332815215);
INSERT INTO costos VALUES(38, 20, 137.10957117145358);
INSERT INTO costos VALUES(39, 1, 78.62307719294662);
INSERT INTO costos VALUES(39, 2, 79.62256612425382);
INSERT INTO costos VALUES(39, 3, 84.35743066422233);
INSERT INTO costos VALUES(39, 4, 81.12063966274475);
INSERT INTO costos VALUES(39, 5, 177.62651300905804);
INSERT INTO costos VALUES(39, 6, 153.58878466486968);
INSERT INTO costos VALUES(39, 7, 116.36492743401826);
INSERT INTO costos VALUES(39, 8, 77.81000301230713);
INSERT INTO costos VALUES(39, 9, 215.03210618226632);
INSERT INTO costos VALUES(39, 10, 177.05285481586213);
INSERT INTO costos VALUES(39, 11, 113.25661485703199);
INSERT INTO costos VALUES(39, 12, 43.35030914678033);
INSERT INTO costos VALUES(39, 13, 109.93362441933189);
INSERT INTO costos VALUES(39, 14, 128.27282052820368);
INSERT INTO costos VALUES(39, 15, 119.53006035629969);
INSERT INTO costos VALUES(39, 16, 75.19944588560273);
INSERT INTO costos VALUES(39, 17, 45.71185522866067);
INSERT INTO costos VALUES(39, 18, 119.12550526986527);
INSERT INTO costos VALUES(39, 19, 151.9221498320428);
INSERT INTO costos VALUES(39, 20, 100.54500178380323);
INSERT INTO costos VALUES(40, 1, 91.90143546439876);
INSERT INTO costos VALUES(40, 2, 38.14108251998327);
INSERT INTO costos VALUES(40, 3, 36.487463847515556);
INSERT INTO costos VALUES(40, 4, 109.97377157404894);
INSERT INTO costos VALUES(40, 5, 83.14786722310456);
INSERT INTO costos VALUES(40, 6, 137.28791480559576);
INSERT INTO costos VALUES(40, 7, 85.37858975884717);
INSERT INTO costos VALUES(40, 8, 57.14794809203335);
INSERT INTO costos VALUES(40, 9, 167.10670991178205);
INSERT INTO costos VALUES(40, 10, 46.088836660341755);
INSERT INTO costos VALUES(40, 11, 176.07711868003886);
INSERT INTO costos VALUES(40, 12, 76.0288450015157);
INSERT INTO costos VALUES(40, 13, 56.116766971211085);
INSERT INTO costos VALUES(40, 14, 112.04013572852809);
INSERT INTO costos VALUES(40, 15, 71.78466790741336);
INSERT INTO costos VALUES(40, 16, 106.16954945610628);
INSERT INTO costos VALUES(40, 17, 139.67759882427518);
INSERT INTO costos VALUES(40, 18, 52.37640682519847);
INSERT INTO costos VALUES(40, 19, 63.52969173965653);
INSERT INTO costos VALUES(40, 20, 190.25097523310913);
INSERT INTO costos VALUES(41, 1, 2.9862857544503214);
INSERT INTO costos VALUES(41, 2, 79.57702537419165);
INSERT INTO costos VALUES(41, 3, 53.67756086041466);
INSERT INTO costos VALUES(41, 4, 64.28364243773822);
INSERT INTO costos VALUES(41, 5, 122.56350794086468);
INSERT INTO costos VALUES(41, 6, 59.67670782948012);
INSERT INTO costos VALUES(41, 7, 131.04559498958443);
INSERT INTO costos VALUES(41, 8, 111.81831539805941);
INSERT INTO costos VALUES(41, 9, 29.590604834905335);
INSERT INTO costos VALUES(41, 10, 65.88562797714812);
INSERT INTO costos VALUES(41, 11, 159.5369693513319);
INSERT INTO costos VALUES(41, 12, 19.63249506734148);
INSERT INTO costos VALUES(41, 13, 173.06306504625226);
INSERT INTO costos VALUES(41, 14, 1.1256255058872142);
INSERT INTO costos VALUES(41, 15, 118.98342202005796);
INSERT INTO costos VALUES(41, 16, 121.88047954841147);
INSERT INTO costos VALUES(41, 17, 80.30075162540524);
INSERT INTO costos VALUES(41, 18, 21.09197516563924);
INSERT INTO costos VALUES(41, 19, 56.00700520421694);
INSERT INTO costos VALUES(41, 20, 76.42726580439303);
INSERT INTO costos VALUES(42, 1, 204.56223024651138);
INSERT INTO costos VALUES(42, 2, 141.77469886170866);
INSERT INTO costos VALUES(42, 3, 135.02790121517154);
INSERT INTO costos VALUES(42, 4, 145.17888448352568);
INSERT INTO costos VALUES(42, 5, 184.56714786681357);
INSERT INTO costos VALUES(42, 6, 92.4938578765649);
INSERT INTO costos VALUES(42, 7, 130.08989505517326);
INSERT INTO costos VALUES(42, 8, 101.13696845863845);
INSERT INTO costos VALUES(42, 9, 90.87783356777328);
INSERT INTO costos VALUES(42, 10, 161.87016135771196);
INSERT INTO costos VALUES(42, 11, 104.10144293824096);
INSERT INTO costos VALUES(42, 12, 113.14788439969807);
INSERT INTO costos VALUES(42, 13, 100.69691705207019);
INSERT INTO costos VALUES(42, 14, 130.676764850152);
INSERT INTO costos VALUES(42, 15, 121.14885047591373);
INSERT INTO costos VALUES(42, 16, 77.36658204847117);
INSERT INTO costos VALUES(42, 17, 16.313042609924338);
INSERT INTO costos VALUES(42, 18, 87.62401861660904);
INSERT INTO costos VALUES(42, 19, 87.09023770480542);
INSERT INTO costos VALUES(42, 20, 131.2110527146757);
INSERT INTO costos VALUES(43, 1, 99.46455644832626);
INSERT INTO costos VALUES(43, 2, 81.57129679573298);
INSERT INTO costos VALUES(43, 3, 144.2135562779985);
INSERT INTO costos VALUES(43, 4, 32.62114603526204);
INSERT INTO costos VALUES(43, 5, 143.1365058558715);
INSERT INTO costos VALUES(43, 6, 32.96559800662105);
INSERT INTO costos VALUES(43, 7, 159.14119588049456);
INSERT INTO costos VALUES(43, 8, 92.1451235503289);
INSERT INTO costos VALUES(43, 9, 111.66957617021887);
INSERT INTO costos VALUES(43, 10, 49.25799412354489);
INSERT INTO costos VALUES(43, 11, 111.20349881840484);
INSERT INTO costos VALUES(43, 12, 9.745158379379177);
INSERT INTO costos VALUES(43, 13, 111.4045150323289);
INSERT INTO costos VALUES(43, 14, 40.417316200512865);
INSERT INTO costos VALUES(43, 15, 86.10595439544244);
INSERT INTO costos VALUES(43, 16, 80.51180533546088);
INSERT INTO costos VALUES(43, 17, 33.745667489846696);
INSERT INTO costos VALUES(43, 18, 64.39494547486004);
INSERT INTO costos VALUES(43, 19, 192.19855339917328);
INSERT INTO costos VALUES(43, 20, 88.12717889574493);
INSERT INTO costos VALUES(44, 1, 62.25396902602508);
INSERT INTO costos VALUES(44, 2, 147.15478044808663);
INSERT INTO costos VALUES(44, 3, 126.14680591387193);
INSERT INTO costos VALUES(44, 4, 44.46857108599064);
INSERT INTO costos VALUES(44, 5, 103.75207894040744);
INSERT INTO costos VALUES(44, 6, 41.093908577400086);
INSERT INTO costos VALUES(44, 7, 238.4427329014865);
INSERT INTO costos VALUES(44, 8, 170.45236081610108);
INSERT INTO costos VALUES(44, 9, 126.38035849856394);
INSERT INTO costos VALUES(44, 10, 86.35694867024984);
INSERT INTO costos VALUES(44, 11, 117.1296072248933);
INSERT INTO costos VALUES(44, 12, 98.79810876540483);
INSERT INTO costos VALUES(44, 13, 73.5818069692943);
INSERT INTO costos VALUES(44, 14, 100.05129103146444);
INSERT INTO costos VALUES(44, 15, 76.73217136212216);
INSERT INTO costos VALUES(44, 16, 78.00640723963424);
INSERT INTO costos VALUES(44, 17, 153.02216393323678);
INSERT INTO costos VALUES(44, 18, 66.36581931349346);
INSERT INTO costos VALUES(44, 19, 206.60335249406614);
INSERT INTO costos VALUES(44, 20, 5.05803924487418);
INSERT INTO costos VALUES(45, 1, 1.7987875640940558);
INSERT INTO costos VALUES(45, 2, 94.80071047059998);
INSERT INTO costos VALUES(45, 3, 165.7502520888483);
INSERT INTO costos VALUES(45, 4, 149.13015831201682);
INSERT INTO costos VALUES(45, 5, 151.84910609017808);
INSERT INTO costos VALUES(45, 6, 46.194496409779326);
INSERT INTO costos VALUES(45, 7, 155.62950425868732);
INSERT INTO costos VALUES(45, 8, 77.57674106687853);
INSERT INTO costos VALUES(45, 9, 37.809565011252744);
INSERT INTO costos VALUES(45, 10, 17.16774113545567);
INSERT INTO costos VALUES(45, 11, 69.51118146765678);
INSERT INTO costos VALUES(45, 12, 76.10374622118425);
INSERT INTO costos VALUES(45, 13, 157.63438939572674);
INSERT INTO costos VALUES(45, 14, 112.80698583205539);
INSERT INTO costos VALUES(45, 15, 60.77173386869133);
INSERT INTO costos VALUES(45, 16, 65.81135810407665);
INSERT INTO costos VALUES(45, 17, 161.49254422032774);
INSERT INTO costos VALUES(45, 18, 148.37633731761068);
INSERT INTO costos VALUES(45, 19, 102.52039137410439);
INSERT INTO costos VALUES(45, 20, 137.10727363030222);
INSERT INTO costos VALUES(46, 1, 176.35357360676772);
INSERT INTO costos VALUES(46, 2, 152.729470875377);
INSERT INTO costos VALUES(46, 3, 77.41016426791478);
INSERT INTO costos VALUES(46, 4, 128.0180423869031);
INSERT INTO costos VALUES(46, 5, 42.804973465849315);
INSERT INTO costos VALUES(46, 6, 26.1443635651965);
INSERT INTO costos VALUES(46, 7, 0.7772665166389316);
INSERT INTO costos VALUES(46, 8, 83.67769982464169);
INSERT INTO costos VALUES(46, 9, 154.86190427048916);
INSERT INTO costos VALUES(46, 10, 139.9595555904755);
INSERT INTO costos VALUES(46, 11, 136.78272347888117);
INSERT INTO costos VALUES(46, 12, 113.53067203286561);
INSERT INTO costos VALUES(46, 13, 61.01023599956974);
INSERT INTO costos VALUES(46, 14, 39.020969845641375);
INSERT INTO costos VALUES(46, 15, 134.35065068517707);
INSERT INTO costos VALUES(46, 16, 126.12359703731461);
INSERT INTO costos VALUES(46, 17, 99.56602308830693);
INSERT INTO costos VALUES(46, 18, 73.60810373209594);
INSERT INTO costos VALUES(46, 19, 55.27625160385539);
INSERT INTO costos VALUES(46, 20, 48.2379991657962);
INSERT INTO costos VALUES(47, 1, 89.89183449914813);
INSERT INTO costos VALUES(47, 2, 115.07066958203757);
INSERT INTO costos VALUES(47, 3, 100.90910527951357);
INSERT INTO costos VALUES(47, 4, 135.45571809273878);
INSERT INTO costos VALUES(47, 5, 22.87336232066008);
INSERT INTO costos VALUES(47, 6, 95.50941490219148);
INSERT INTO costos VALUES(47, 7, 71.15326179479658);
INSERT INTO costos VALUES(47, 8, 114.13175257524878);
INSERT INTO costos VALUES(47, 9, 87.24180640548752);
INSERT INTO costos VALUES(47, 10, 95.5628532167417);
INSERT INTO costos VALUES(47, 11, 75.10051100789944);
INSERT INTO costos VALUES(47, 12, 107.54701721344007);
INSERT INTO costos VALUES(47, 13, 93.36020896897787);
INSERT INTO costos VALUES(47, 14, 136.5130976712415);
INSERT INTO costos VALUES(47, 15, 179.30482160416608);
INSERT INTO costos VALUES(47, 16, 182.42041088598222);
INSERT INTO costos VALUES(47, 17, 67.33601896746666);
INSERT INTO costos VALUES(47, 18, 117.15554015957379);
INSERT INTO costos VALUES(47, 19, 64.66232452232816);
INSERT INTO costos VALUES(47, 20, 90.06530179408013);
INSERT INTO costos VALUES(48, 1, 120.11800437876008);
INSERT INTO costos VALUES(48, 2, 153.50118777122188);
INSERT INTO costos VALUES(48, 3, 112.16992326650134);
INSERT INTO costos VALUES(48, 4, 128.58025373044472);
INSERT INTO costos VALUES(48, 5, 141.79579375949243);
INSERT INTO costos VALUES(48, 6, 139.8079889216308);
INSERT INTO costos VALUES(48, 7, 64.62162522432989);
INSERT INTO costos VALUES(48, 8, 91.34992167339577);
INSERT INTO costos VALUES(48, 9, 90.69864903796018);
INSERT INTO costos VALUES(48, 10, 93.0292833035744);
INSERT INTO costos VALUES(48, 11, 72.52163209865536);
INSERT INTO costos VALUES(48, 12, 114.28313656058099);
INSERT INTO costos VALUES(48, 13, 96.71553365280322);
INSERT INTO costos VALUES(48, 14, 114.65743508301853);
INSERT INTO costos VALUES(48, 15, 178.93450701265118);
INSERT INTO costos VALUES(48, 16, 98.3679971663666);
INSERT INTO costos VALUES(48, 17, 65.73060345952385);
INSERT INTO costos VALUES(48, 18, 176.93385779217218);
INSERT INTO costos VALUES(48, 19, 161.57576751887845);
INSERT INTO costos VALUES(48, 20, 125.6632449693213);
INSERT INTO costos VALUES(49, 1, 114.04715864506508);
INSERT INTO costos VALUES(49, 2, 65.48074284419819);
INSERT INTO costos VALUES(49, 3, 135.87730193838837);
INSERT INTO costos VALUES(49, 4, 129.9433570399328);
INSERT INTO costos VALUES(49, 5, 122.36006050906796);
INSERT INTO costos VALUES(49, 6, 176.0358247697303);
INSERT INTO costos VALUES(49, 7, 143.85616292941089);
INSERT INTO costos VALUES(49, 8, 115.07533177581657);
INSERT INTO costos VALUES(49, 9, 141.10414453715865);
INSERT INTO costos VALUES(49, 10, 103.42405293977755);
INSERT INTO costos VALUES(49, 11, 56.793442289573015);
INSERT INTO costos VALUES(49, 12, 136.8399130700064);
INSERT INTO costos VALUES(49, 13, 100.12553585664588);
INSERT INTO costos VALUES(49, 14, 56.552721223573116);
INSERT INTO costos VALUES(49, 15, 95.00047415792702);
INSERT INTO costos VALUES(49, 16, 122.61212397982116);
INSERT INTO costos VALUES(49, 17, 165.66610189335847);
INSERT INTO costos VALUES(49, 18, 135.20700582829517);
INSERT INTO costos VALUES(49, 19, 39.20904913434137);
INSERT INTO costos VALUES(49, 20, 170.85950702585998);
INSERT INTO costos VALUES(50, 1, 127.67189481829669);
INSERT INTO costos VALUES(50, 2, 129.57384551677433);
INSERT INTO costos VALUES(50, 3, 151.28676530601078);
INSERT INTO costos VALUES(50, 4, 102.94417097362033);
INSERT INTO costos VALUES(50, 5, 72.35080757102423);
INSERT INTO costos VALUES(50, 6, 128.84511570010613);
INSERT INTO costos VALUES(50, 7, 45.316174166557275);
INSERT INTO costos VALUES(50, 8, 139.61895005186472);
INSERT INTO costos VALUES(50, 9, 54.94730828348434);
INSERT INTO costos VALUES(50, 10, 40.75365009687262);
INSERT INTO costos VALUES(50, 11, 76.72673304320122);
INSERT INTO costos VALUES(50, 12, 118.44930710126843);
INSERT INTO costos VALUES(50, 13, 212.67541199509327);
INSERT INTO costos VALUES(50, 14, 157.38064907304306);
INSERT INTO costos VALUES(50, 15, 121.01872007584831);
INSERT INTO costos VALUES(50, 16, 9.29883565200656);
INSERT INTO costos VALUES(50, 17, 141.6716254946324);
INSERT INTO costos VALUES(50, 18, 31.844832212408647);
INSERT INTO costos VALUES(50, 19, 96.29803539835386);
INSERT INTO costos VALUES(50, 20, 59.379545472458624);
COMMIT;
